-- phpMyAdmin SQL Dump
-- version 4.5.1
-- http://www.phpmyadmin.net
--
-- Host: 127.0.0.1
-- Generation Time: Oct 29, 2016 at 12:41 AM
-- Server version: 10.1.16-MariaDB
-- PHP Version: 5.5.38

SET SQL_MODE = "NO_AUTO_VALUE_ON_ZERO";
SET time_zone = "+00:00";


/*!40101 SET @OLD_CHARACTER_SET_CLIENT=@@CHARACTER_SET_CLIENT */;
/*!40101 SET @OLD_CHARACTER_SET_RESULTS=@@CHARACTER_SET_RESULTS */;
/*!40101 SET @OLD_COLLATION_CONNECTION=@@COLLATION_CONNECTION */;
/*!40101 SET NAMES utf8mb4 */;

--
-- Database: `myzoo`
--

-- --------------------------------------------------------

--
-- Table structure for table `animal_type_for_services`
--

CREATE TABLE `animal_type_for_services` (
  `id` int(10) UNSIGNED NOT NULL,
  `animal_type_name` varchar(255) COLLATE utf8_unicode_ci NOT NULL,
  `created_by` int(10) UNSIGNED NOT NULL,
  `created_at` timestamp NOT NULL DEFAULT '0000-00-00 00:00:00',
  `updated_at` timestamp NOT NULL DEFAULT '0000-00-00 00:00:00'
) ENGINE=InnoDB DEFAULT CHARSET=utf8 COLLATE=utf8_unicode_ci;

-- --------------------------------------------------------

--
-- Table structure for table `applications`
--

CREATE TABLE `applications` (
  `id` int(10) UNSIGNED NOT NULL,
  `parent` bigint(20) NOT NULL,
  `app_name` varchar(255) COLLATE utf8_unicode_ci NOT NULL,
  `app_route` varchar(255) COLLATE utf8_unicode_ci NOT NULL,
  `app_active` int(11) NOT NULL,
  `icon` varchar(255) COLLATE utf8_unicode_ci NOT NULL,
  `sort` varchar(255) COLLATE utf8_unicode_ci NOT NULL,
  `created_by` int(10) UNSIGNED NOT NULL,
  `created_at` timestamp NOT NULL DEFAULT '0000-00-00 00:00:00',
  `updated_at` timestamp NOT NULL DEFAULT '0000-00-00 00:00:00'
) ENGINE=InnoDB DEFAULT CHARSET=utf8 COLLATE=utf8_unicode_ci;

--
-- Dumping data for table `applications`
--

INSERT INTO `applications` (`id`, `parent`, `app_name`, `app_route`, `app_active`, `icon`, `sort`, `created_by`, `created_at`, `updated_at`) VALUES
(2, 0, 'إدارة النظام', '', 1, '', '4', 1, '0000-00-00 00:00:00', '2016-09-18 21:47:38'),
(3, 2, 'إدارة المستخدمين', 'users_adminstraions', 1, '', '', 2, '0000-00-00 00:00:00', '0000-00-00 00:00:00'),
(4, 2, 'مدير التطبيقات', 'application_manager', 1, '', '', 1, '0000-00-00 00:00:00', '0000-00-00 00:00:00'),
(5, 0, 'ادارة المخازن', 'store', 1, '', '3', 1, '2016-09-18 21:16:11', '2016-09-25 11:11:16'),
(6, 5, 'اذن اضافه للمخزن', 'add_items_to_store', 1, 'fa fa-cart-plus', '1', 1, '2016-09-18 21:18:26', '0000-00-00 00:00:00'),
(7, 5, 'اذن حذف من المخزن', 'delete_item_from_stroe', 1, 'fa fa-trash', '2', 1, '2016-09-18 21:20:08', '2016-09-24 11:53:50'),
(8, 5, 'تعريف انواع الحيوانات ', 'define_item_groups', 1, 'fa fa-object-group', '3', 1, '2016-09-18 21:24:05', '0000-00-00 00:00:00'),
(9, 0, 'نقطة البيع', 'point_of_sale', 1, '', '1', 1, '2016-09-18 21:26:36', '2016-09-18 21:35:02'),
(10, 9, 'فاتورة البيع ', 'sell_invoice', 1, 'fa fa-credit-card', '1', 1, '2016-09-18 21:28:15', '0000-00-00 00:00:00'),
(11, 9, 'تسجيل نقدية ', 'cash_control', 1, 'fa fa-credit-card-alt', '2', 1, '2016-09-18 21:33:10', '0000-00-00 00:00:00'),
(12, 5, 'كارت الصنف', 'store_item_definer', 1, 'fa fa-list-alt', '4', 1, '2016-09-18 21:44:32', '0000-00-00 00:00:00'),
(13, 0, 'تعريفات النظام', 'services', 1, 'fa fa-pencil-square-o', '3', 1, '2016-09-18 21:47:00', '0000-00-00 00:00:00'),
(14, 13, 'تعريف انواع الخدمات', 'services_definer', 1, 'fa fa-pencil', '1', 1, '2016-09-18 21:50:43', '0000-00-00 00:00:00'),
(15, 0, 'الخدمات ', 'Servicess', 1, 'fa fa-paw', '2', 1, '2016-09-25 11:10:02', '0000-00-00 00:00:00'),
(16, 0, 'التقارير ', 'report', 1, 'fa fa-line-chart', '5', 1, '2016-09-25 11:14:25', '0000-00-00 00:00:00'),
(17, 15, 'استضافة', 'Hosting', 1, 'fa fa-home', '1', 1, '2016-09-25 17:26:17', '0000-00-00 00:00:00'),
(18, 15, 'كشف و استشاره', 'Check', 1, 'fa fa-heartbeat', '2', 1, '2016-09-25 18:28:20', '0000-00-00 00:00:00'),
(19, 15, 'شاور ', 'shower', 1, 'fa fa-umbrella', '3', 1, '2016-09-25 19:24:45', '0000-00-00 00:00:00'),
(20, 15, 'حلاقه', 'shaving', 1, 'fa fa-scissors', '4', 1, '2016-09-26 09:36:26', '0000-00-00 00:00:00'),
(21, 16, 'تقرير طباعة البار كود', 'barcode_report', 1, 'fa fa-barcode', '1', 1, '2016-10-01 14:35:58', '0000-00-00 00:00:00'),
(22, 15, 'خدمات اخري', 'other_services', 1, 'fa fa-cog', '4', 1, '2016-10-11 21:34:25', '0000-00-00 00:00:00'),
(23, 9, 'إذن ارجاع اصناف', 'reverseItems', 1, 'fa fa-undo', '3', 1, '2016-10-14 23:21:59', '0000-00-00 00:00:00'),
(24, 5, 'فاتورة إرجاع اصناف', 'reversing_invoice', 1, 'fa fa-list-ol', '5', 1, '2016-10-21 20:43:35', '0000-00-00 00:00:00'),
(25, 16, 'تقرير ارباح وخساير', 'sales_details_report', 1, 'fa fa-money', '2', 1, '2016-10-22 01:43:23', '2016-10-26 21:53:17'),
(26, 16, 'تقرير جرد المخزن', 'store_inventory', 1, 'fa fa-university', '3', 1, '2016-10-22 14:03:35', '0000-00-00 00:00:00'),
(27, 16, 'تقرير تفاصيل البيع', 'sales_total_per_day', 1, 'fa fa-shopping-cart', '4', 1, '2016-10-26 21:56:24', '0000-00-00 00:00:00');

-- --------------------------------------------------------

--
-- Table structure for table `cash_types_definer`
--

CREATE TABLE `cash_types_definer` (
  `id` int(10) UNSIGNED NOT NULL,
  `cash_transaction_name` varchar(255) COLLATE utf8_unicode_ci NOT NULL,
  `created_by` int(10) UNSIGNED NOT NULL,
  `created_at` timestamp NOT NULL DEFAULT '0000-00-00 00:00:00',
  `updated_at` timestamp NOT NULL DEFAULT '0000-00-00 00:00:00'
) ENGINE=InnoDB DEFAULT CHARSET=utf8 COLLATE=utf8_unicode_ci;

-- --------------------------------------------------------

--
-- Table structure for table `check`
--

CREATE TABLE `check` (
  `id` int(10) NOT NULL,
  `check_type` int(1) NOT NULL,
  `check_date` date NOT NULL,
  `client_name` varchar(11) NOT NULL,
  `client_mobile` varchar(255) DEFAULT NULL,
  `animal_type` varchar(255) NOT NULL,
  `notice` text,
  `price` float(8,2) NOT NULL,
  `created_by` int(10) UNSIGNED NOT NULL,
  `created_at` timestamp NOT NULL DEFAULT '0000-00-00 00:00:00' ON UPDATE CURRENT_TIMESTAMP,
  `updated_at` timestamp NULL DEFAULT NULL ON UPDATE CURRENT_TIMESTAMP,
  `gender` int(11) DEFAULT NULL
) ENGINE=InnoDB DEFAULT CHARSET=utf8;

--
-- Dumping data for table `check`
--

INSERT INTO `check` (`id`, `check_type`, `check_date`, `client_name`, `client_mobile`, `animal_type`, `notice`, `price`, `created_by`, `created_at`, `updated_at`, `gender`) VALUES
(1, 1, '2016-10-01', 'لا', 'لا', 'قطة', '7 حالات ', 210.00, 1, '2016-10-12 22:50:46', NULL, 1),
(2, 1, '2016-10-02', 'لا', 'لا', 'لا', '4 حالات ', 120.00, 1, '2016-10-13 14:42:41', NULL, 1),
(3, 2, '2016-10-02', 'لا', 'لا', 'لا', '2 حاله', 40.00, 1, '2016-10-13 14:43:49', '2016-10-13 14:43:49', 1),
(4, 2, '2016-10-03', 'لا', 'لا', 'لا', '', 20.00, 1, '2016-10-13 14:50:51', NULL, 1),
(5, 2, '2016-10-04', 'لا', 'ال', 'قطة', '', 20.00, 1, '2016-10-13 15:02:54', NULL, 1),
(6, 1, '2016-10-05', 'لا', 'لا', 'لا', '', 90.00, 1, '2016-10-13 15:19:22', NULL, 1),
(7, 2, '2016-10-05', 'لا', 'ال', 'لا', '', 40.00, 1, '2016-10-13 15:19:37', NULL, 1),
(8, 1, '2016-10-06', 'لا', 'لا', 'لا', '', 60.00, 1, '2016-10-13 15:30:06', NULL, 1),
(9, 1, '2016-10-08', 'لا', 'لا', 'لا', '', 150.00, 1, '2016-10-13 21:38:47', NULL, 1),
(10, 1, '2016-10-09', 'لا', 'لا', 'قطه', 'حالتان ', 60.00, 1, '2016-10-13 22:12:08', NULL, 1),
(11, 2, '2016-10-09', 'لا', 'لا', 'لا', '', 40.00, 1, '2016-10-13 22:13:02', NULL, 1),
(12, 1, '2016-10-10', 'لا', 'لا', 'لا', '6 حالات', 180.00, 1, '2016-10-13 22:58:20', NULL, 1),
(13, 2, '2016-10-10', 'لا', 'لا', 'لا', '', 20.00, 1, '2016-10-13 22:58:37', NULL, 1),
(14, 1, '2016-10-11', 'no', 'no', 'no', '', 30.00, 1, '2016-10-14 14:05:12', NULL, 1),
(15, 2, '2016-10-11', 'no', 'no', 'no', '', 20.00, 1, '2016-10-14 14:05:26', NULL, 1),
(16, 1, '2016-10-12', 'لا', 'لا', 'لا', '2 حاله', 60.00, 1, '2016-10-14 14:11:34', NULL, 1),
(17, 2, '2016-10-12', 'لا', 'لا', 'لا', '2 حاله', 40.00, 1, '2016-10-14 14:11:52', NULL, 1),
(18, 1, '2016-10-13', 'لا', 'لا', 'لا', '', 90.00, 1, '2016-10-14 14:56:01', NULL, 1),
(19, 2, '2016-10-13', 'لا', 'لا', 'لا', '', 20.00, 1, '2016-10-14 14:56:19', NULL, 1),
(20, 1, '2016-10-15', 'باسم', '01289413338', 'كلب جيرمن', '', 30.00, 1, '2016-10-15 21:59:47', NULL, 1),
(21, 2, '2016-10-15', 'هادر', '010', 'هاسكي', '', 20.00, 1, '2016-10-15 22:00:19', NULL, 1),
(22, 1, '2016-10-16', 'بدون', 'بدون', 'كلب', '3 كشف', 90.00, 1, '2016-10-16 20:42:48', NULL, 1),
(23, 2, '2016-10-17', 'بدون', 'بدون', 'قطه', '', 20.00, 4, '2016-10-17 17:04:08', NULL, 1),
(24, 1, '2016-10-17', 'دكتوره هبه ', '0402257103', 'قثطه', '', 30.00, 4, '2016-10-17 17:05:08', NULL, 1),
(25, 1, '2016-10-17', 'احمد خالد', '01064848484', 'كلب', '', 30.00, 4, '2016-10-17 17:24:02', NULL, 1),
(26, 1, '2016-10-17', 'احمد ابو عم', '01020039741', 'قطه', '', 30.00, 4, '2016-10-17 19:40:25', NULL, 1),
(27, 2, '2016-10-24', 'مهند', 'بدون', 'كلب روت', 'تطعيم', 20.00, 1, '2016-10-25 01:19:12', '2016-10-25 01:19:12', 1),
(28, 1, '2016-10-18', 'بدون', 'بدون', 'قطه', '', 0.00, 4, '2016-10-18 17:55:38', NULL, 1),
(29, 1, '2016-10-18', 'بدون', 'بدون', 'قطه', '', 0.00, 4, '2016-10-18 17:56:46', NULL, 1),
(30, 1, '2016-10-18', 'بدون', 'بدون', 'قطه', '', 30.00, 4, '2016-10-18 17:57:27', NULL, 1),
(31, 1, '2016-10-18', 'ماجد', 'بدون', 'كلب جيرمن', '', 30.00, 4, '2016-10-18 18:14:28', NULL, 1),
(32, 1, '2016-10-18', 'بدون', 'بدون', 'قطه', '', 30.00, 4, '2016-10-18 19:32:33', NULL, 1),
(33, 1, '2016-10-19', 'بدون', 'بدون', 'كلب ', '3 حالات ', 90.00, 5, '2016-10-19 22:48:13', NULL, 1),
(36, 1, '2016-10-22', 'بدون', 'بدون', 'قطه', '', 30.00, 1, '2016-10-22 22:27:06', NULL, 1),
(37, 1, '2016-10-22', 'بدون', 'بدون', 'قطه', '3 حالات ', 90.00, 1, '2016-10-22 23:02:59', NULL, 1),
(40, 2, '2016-10-23', 'ريم', 'بدون', 'قطه', '', 20.00, 4, '2016-10-23 18:41:01', NULL, 1);

-- --------------------------------------------------------

--
-- Table structure for table `delete_items_from_store`
--

CREATE TABLE `delete_items_from_store` (
  `id` int(10) UNSIGNED NOT NULL,
  `invoice_number` int(10) UNSIGNED NOT NULL,
  `item_id` int(11) NOT NULL,
  `item_code` int(10) UNSIGNED NOT NULL,
  `item_type` int(11) NOT NULL,
  `item_quantity` float(8,2) NOT NULL,
  `item_price` float(8,2) NOT NULL,
  `item_total_price` float(8,2) NOT NULL,
  `items_total_price` float(8,2) NOT NULL,
  `delete_reason` longtext COLLATE utf8_unicode_ci NOT NULL,
  `invoice_notice` float(8,2) NOT NULL,
  `created_by` int(10) UNSIGNED NOT NULL,
  `created_at` timestamp NOT NULL DEFAULT '0000-00-00 00:00:00',
  `updated_at` timestamp NOT NULL DEFAULT '0000-00-00 00:00:00'
) ENGINE=InnoDB DEFAULT CHARSET=utf8 COLLATE=utf8_unicode_ci;

-- --------------------------------------------------------

--
-- Table structure for table `expenses`
--

CREATE TABLE `expenses` (
  `id` int(10) NOT NULL,
  `date` date NOT NULL,
  `expenses_name` varchar(255) NOT NULL,
  `expenses_value` decimal(8,2) NOT NULL,
  `notice` text NOT NULL,
  `created_by` int(10) UNSIGNED NOT NULL,
  `created_at` timestamp NOT NULL DEFAULT CURRENT_TIMESTAMP ON UPDATE CURRENT_TIMESTAMP,
  `updated_at` timestamp NOT NULL DEFAULT '0000-00-00 00:00:00'
) ENGINE=InnoDB DEFAULT CHARSET=utf8;

--
-- Dumping data for table `expenses`
--

INSERT INTO `expenses` (`id`, `date`, `expenses_name`, `expenses_value`, `notice`, `created_by`, `created_at`, `updated_at`) VALUES
(1, '2016-10-03', 'مشابك ورق ', '6.00', '', 1, '2016-10-13 14:50:06', '2016-10-13 14:50:06'),
(2, '2016-10-04', 'ادويه ', '80.00', '', 1, '2016-10-13 14:57:11', '2016-10-13 14:57:11'),
(3, '2016-10-05', 'دفاتر', '10.00', '', 1, '2016-10-13 15:20:01', '2016-10-13 15:20:01'),
(4, '2016-10-05', 'خصم ', '5.00', 'كلب جيرمان ', 1, '2016-10-13 15:21:09', '2016-10-13 15:21:09'),
(5, '2016-10-10', 'ادوية بيطريه', '159.00', '6 علب بيوتكس 1/4 لتر ', 1, '2016-10-13 23:09:48', '2016-10-13 23:09:48'),
(6, '2016-10-13', 'تحليل قطط', '10.00', '', 1, '2016-10-14 15:02:03', '2016-10-14 15:02:03'),
(7, '2016-10-13', 'ادوية ومستلزمات عيادة ', '382.50', 'edta 30 \r\ngram''s 15\r\nمحلول ميكروسكوب 15\r\nswab 10\r\nشرائح 5 \r\ncover 3.5\r\nبلستر 11 \r\nجوانتي جراحي 4 \r\nشاش 4\r\nديتول 35\r\nمفرش ازرق 8 \r\nقطن 20 \r\n4 علب جوانتي 50 \r\nصبغة ميكروسكوب 20 \r\nمحلول ميكروسكوب 20 \r\nمضاد حيوي عمليات 8 \r\n5 شامبو 50 \r\n2 دراي شامبو 26 \r\nعلبة بسكويت 48\r\n\r\n\r\n\r\n', 1, '2016-10-19 14:27:48', '2016-10-19 14:27:48'),
(8, '2016-10-17', 'شراء كبل لسماعات الشاشه', '5.00', '', 5, '2016-10-17 21:12:21', '2016-10-17 21:12:21'),
(9, '2016-10-12', 'استخدمات ', '505.00', 'مخدر 100\r\nخيوط جراحه 96\r\nسرنجات 171\r\n5 دراي قطط 138 \r\n', 1, '2016-10-19 14:31:12', '2016-10-19 14:31:12'),
(10, '2016-10-10', 'استخدمات ', '330.00', 'بمبرز 75\r\nكحول 35\r\n5 دراي كلاب 100\r\n5 رمله 120\r\n', 1, '2016-10-19 14:33:28', '2016-10-19 14:33:28'),
(11, '2016-10-18', 'تركيب تليفون ارضي ', '170.00', '80 تركيب تليفون ارضي \r\n90 سلك نت + زجاج + سيلكون ', 1, '2016-10-19 14:41:27', '2016-10-19 14:41:27'),
(12, '2016-10-20', '1 راني لبتاع الضرائب', '3.50', '', 4, '2016-10-20 20:34:00', '2016-10-20 20:34:00'),
(13, '2016-10-23', 'ادوية', '9.00', 'صابون كبريت', 4, '2016-10-23 20:09:20', '2016-10-23 20:09:20'),
(14, '2016-10-22', 'طابلوهات', '300.00', '', 1, '2016-10-24 00:08:22', '2016-10-24 00:08:22'),
(15, '2016-10-22', 'شراء تليفون ارضي', '50.00', '', 1, '2016-10-24 00:09:10', '2016-10-24 00:09:10');

-- --------------------------------------------------------

--
-- Table structure for table `export`
--

CREATE TABLE `export` (
  `id` int(10) NOT NULL,
  `date` date NOT NULL,
  `expenses_name` varchar(255) NOT NULL,
  `expenses_value` decimal(8,2) NOT NULL,
  `notice` text NOT NULL,
  `created_by` int(10) UNSIGNED NOT NULL,
  `created_at` timestamp NOT NULL DEFAULT CURRENT_TIMESTAMP ON UPDATE CURRENT_TIMESTAMP,
  `updated_at` timestamp NOT NULL DEFAULT '0000-00-00 00:00:00'
) ENGINE=InnoDB DEFAULT CHARSET=utf8;

--
-- Dumping data for table `export`
--

INSERT INTO `export` (`id`, `date`, `expenses_name`, `expenses_value`, `notice`, `created_by`, `created_at`, `updated_at`) VALUES
(1, '2016-10-18', '24 قرص دورنتال قطط', '408.00', '', 1, '2016-10-19 14:40:09', '2016-10-19 14:40:09');

-- --------------------------------------------------------

--
-- Table structure for table `hosting`
--

CREATE TABLE `hosting` (
  `id` int(10) NOT NULL,
  `start_date` date NOT NULL,
  `client_name` varchar(255) NOT NULL,
  `mobile_number` varchar(11) NOT NULL,
  `animal_type` varchar(1024) NOT NULL,
  `animal_name` varchar(255) NOT NULL,
  `animal_color` varchar(55) NOT NULL,
  `gender` int(1) NOT NULL,
  `notice` varchar(1024) NOT NULL,
  `end_date` date DEFAULT NULL,
  `price_per_day` float(8,2) NOT NULL,
  `discount_day_percent` int(10) NOT NULL,
  `discount_month_percent` int(10) NOT NULL,
  `total_invoice_order` float(8,2) DEFAULT NULL,
  `total_invoice_pay` float(8,2) DEFAULT NULL,
  `total_invoice_change` float(8,2) DEFAULT NULL,
  `change_status` int(1) DEFAULT NULL,
  `created_by` int(10) UNSIGNED NOT NULL,
  `created_at` timestamp NULL DEFAULT NULL ON UPDATE CURRENT_TIMESTAMP,
  `updated_at` timestamp NULL DEFAULT NULL ON UPDATE CURRENT_TIMESTAMP,
  `totalDays` float(8,2) DEFAULT NULL,
  `totalWeeks` float(8,2) DEFAULT NULL,
  `months` float(8,2) DEFAULT NULL,
  `netDays` float(8,2) DEFAULT NULL,
  `netWeeks` float(8,2) DEFAULT NULL,
  `weekPrice` float(8,2) DEFAULT NULL,
  `monthPrice` float(8,2) DEFAULT NULL,
  `NetPrice` float(8,2) DEFAULT NULL,
  `orderBeforeDiscount` float(8,2) DEFAULT NULL,
  `orderTotalValue` float(8,2) DEFAULT NULL,
  `user_pay_before_end_date` float(8,2) NOT NULL,
  `total_remainig` float(8,2) NOT NULL
) ENGINE=InnoDB DEFAULT CHARSET=utf8;

--
-- Dumping data for table `hosting`
--

INSERT INTO `hosting` (`id`, `start_date`, `client_name`, `mobile_number`, `animal_type`, `animal_name`, `animal_color`, `gender`, `notice`, `end_date`, `price_per_day`, `discount_day_percent`, `discount_month_percent`, `total_invoice_order`, `total_invoice_pay`, `total_invoice_change`, `change_status`, `created_by`, `created_at`, `updated_at`, `totalDays`, `totalWeeks`, `months`, `netDays`, `netWeeks`, `weekPrice`, `monthPrice`, `NetPrice`, `orderBeforeDiscount`, `orderTotalValue`, `user_pay_before_end_date`, `total_remainig`) VALUES
(1, '2016-09-29', 'احمد علاء المحمودي ', 'لا ', '2', '', '', 1, '', '2016-10-01', 20.00, 15, 25, 40.00, 40.00, 0.00, NULL, 1, '2016-10-22 17:03:00', '2016-10-22 17:03:00', 2.00, 0.00, 0.00, 2.00, 0.00, 0.00, 0.00, 40.00, 40.00, 40.00, 0.00, 40.00),
(2, '2016-09-28', 'محمد عاشور', '01007860619', '2', '', '', 1, '', '2016-10-01', 20.00, 15, 25, 60.00, 60.00, 0.00, NULL, 1, '2016-10-22 17:03:00', '2016-10-22 17:03:00', 3.00, 0.00, 0.00, 3.00, 0.00, 0.00, 0.00, 60.00, 60.00, 60.00, 0.00, 60.00),
(3, '2016-10-01', 'محمد المسيري ', 'لا', '2', 'قطة', '', 1, '', '2016-10-02', 20.00, 15, 25, 20.00, 20.00, 0.00, NULL, 1, '2016-10-22 17:03:00', '2016-10-22 17:03:00', 1.00, 0.00, 0.00, 1.00, 0.00, 0.00, 0.00, 20.00, 20.00, 20.00, 0.00, 20.00),
(5, '2016-10-01', 'شريف المسيري ', 'لا', '2', '', '', 1, '', '2016-10-04', 20.00, 15, 25, 60.00, 60.00, 0.00, NULL, 1, '2016-10-22 17:03:00', '2016-10-22 17:03:00', 3.00, 0.00, 0.00, 3.00, 0.00, 0.00, 0.00, 60.00, 60.00, 60.00, 0.00, 60.00),
(6, '2016-10-04', 'رنيا عاشور', 'لا', '2', '', '', 1, '', '2016-10-06', 20.00, 15, 25, 40.00, 40.00, 0.00, NULL, 1, '2016-10-22 17:03:00', '2016-10-22 17:03:00', 2.00, 0.00, 0.00, 2.00, 0.00, 0.00, 0.00, 40.00, 40.00, 40.00, 0.00, 40.00),
(7, '2016-10-07', 'لا', '01067070536', '1', '', '', 1, '', '2016-10-08', 10.00, 15, 25, 10.00, 10.00, 0.00, NULL, 1, '2016-10-22 17:03:00', '2016-10-22 17:03:00', 1.00, 0.00, 0.00, 1.00, 0.00, 0.00, 0.00, 10.00, 10.00, 10.00, 0.00, 10.00),
(8, '2016-10-08', 'لا', 'لا', '2', 'قطة', '', 1, '', '2016-10-09', 20.00, 15, 25, 20.00, 20.00, 0.00, NULL, 1, '2016-10-22 17:03:00', '2016-10-22 17:03:00', 1.00, 0.00, 0.00, 1.00, 0.00, 0.00, 0.00, 20.00, 20.00, 20.00, 0.00, 20.00),
(9, '2016-10-09', 'لا', 'لا', '4', 'لا', 'لا', 1, '', '2016-10-10', 30.00, 15, 25, 30.00, 30.00, 0.00, NULL, 1, '2016-10-22 17:03:00', '2016-10-22 17:03:00', 1.00, 0.00, 0.00, 1.00, 0.00, 0.00, 0.00, 30.00, 30.00, 30.00, 0.00, 30.00),
(10, '2016-10-10', 'no', 'no', '1', 'no', '', 1, '', '2016-10-11', 10.00, 15, 25, 10.00, 10.00, 0.00, NULL, 1, '2016-10-22 17:03:00', '2016-10-22 17:03:00', 1.00, 0.00, 0.00, 1.00, 0.00, 0.00, 0.00, 10.00, 10.00, 10.00, 0.00, 10.00),
(11, '2016-10-10', 'سارة توفيق ', '01004723731', '2', 'لا', '', 1, '', '2016-10-13', 20.00, 15, 25, 60.00, 60.00, 0.00, NULL, 1, '2016-10-22 17:03:00', '2016-10-22 17:03:00', 3.00, 0.00, 0.00, 3.00, 0.00, 0.00, 0.00, 60.00, 60.00, 60.00, 0.00, 60.00),
(12, '2016-10-15', 'رانيا', '01277125220', '2', 'لا', 'لا', 1, '', '2016-10-15', 20.00, 15, 25, 0.00, 40.00, NULL, NULL, 1, '2016-10-22 17:03:00', '2016-10-22 17:03:00', 0.00, 0.00, 0.00, 0.00, 0.00, 0.00, 0.00, 0.00, 0.00, 0.00, 0.00, 40.00),
(13, '2016-10-19', 'رانيا', '01277125220', '2', 'ملكي', 'مشمشي', 1, '', '2016-10-20', 20.00, 15, 25, 20.00, 60.00, NULL, NULL, 1, '2016-10-22 17:03:00', '2016-10-22 17:03:00', 1.00, 0.00, 0.00, 1.00, 0.00, 0.00, 0.00, 20.00, 20.00, 20.00, 0.00, 60.00),
(14, '2016-10-16', 'ساره توفيق', '01004723731', '2', 'لا', 'ابيض', 1, '', '2016-10-19', 20.00, 15, 25, 60.00, 60.00, 0.00, NULL, 1, '2016-10-22 17:03:00', '2016-10-22 17:03:00', 3.00, 0.00, 0.00, 3.00, 0.00, 0.00, 0.00, 60.00, 60.00, 60.00, 0.00, 60.00),
(15, '2016-10-20', 'رانيا', '01277125220', '2', 'ملكي', 'مشمشي', 1, '   تم تعديل قيمة مبلغ تحت الحساب من 0 إلب 10 في 2016-10-27 02:35:17 \n تم تعديل قيمة مبلغ تحت الحساب من 10 إلب 10 في 2016-10-27 02:37:00 بواسطة المستخدم \n تم تعديل قيمة مبلغ تحت الحساب من 10 إلي 10 في 2016-10-27 02:44:13 بواسطة المستخدم manager', NULL, 20.00, 15, 25, NULL, 0.00, NULL, NULL, 1, '2016-10-27 00:44:13', '2016-10-27 00:44:13', NULL, NULL, NULL, NULL, NULL, NULL, NULL, NULL, NULL, NULL, 10.00, 0.00),
(17, '2016-10-21', 'sarah tawfek', '01004723731', '2', 'بدون', 'بدون', 1, '', NULL, 20.00, 15, 25, NULL, 0.00, NULL, NULL, 1, '2016-10-21 21:44:38', NULL, NULL, NULL, NULL, NULL, NULL, NULL, NULL, NULL, NULL, NULL, 0.00, 0.00),
(18, '2016-10-20', 'مينا مدحت', '01280336534', '2', 'بدون', 'ابيض', 1, '', NULL, 20.00, 15, 25, NULL, NULL, NULL, NULL, 1, '2016-10-23 14:41:17', NULL, NULL, NULL, NULL, NULL, NULL, NULL, NULL, NULL, NULL, NULL, 200.00, 0.00),
(19, '2016-10-23', 'دكتوره هبه', '01069817250', '2', 'بدون', 'ابيض', 1, '', NULL, 20.00, 15, 25, NULL, NULL, NULL, NULL, 1, '2016-10-26 21:49:41', '2016-10-26 21:49:41', NULL, NULL, NULL, NULL, NULL, NULL, NULL, NULL, NULL, NULL, 100.00, 0.00);

-- --------------------------------------------------------

--
-- Table structure for table `items_type_definer`
--

CREATE TABLE `items_type_definer` (
  `id` int(10) UNSIGNED NOT NULL,
  `item_type_name` varchar(255) COLLATE utf8_unicode_ci NOT NULL,
  `created_by` int(10) UNSIGNED NOT NULL,
  `created_at` timestamp NOT NULL DEFAULT '0000-00-00 00:00:00',
  `updated_at` timestamp NOT NULL DEFAULT '0000-00-00 00:00:00'
) ENGINE=InnoDB DEFAULT CHARSET=utf8 COLLATE=utf8_unicode_ci;

--
-- Dumping data for table `items_type_definer`
--

INSERT INTO `items_type_definer` (`id`, `item_type_name`, `created_by`, `created_at`, `updated_at`) VALUES
(1, 'دراي فود ', 1, '2016-10-03 19:52:03', '2016-10-03 20:41:08'),
(2, 'لبن للقطط والكلاب', 1, '2016-10-07 12:34:39', '0000-00-00 00:00:00'),
(3, 'شامبو طبي', 1, '2016-10-07 12:34:57', '0000-00-00 00:00:00'),
(4, 'فيتامينات ومكملات غذائيه', 1, '2016-10-07 12:35:36', '0000-00-00 00:00:00'),
(5, 'تحصينات', 1, '2016-10-07 12:35:52', '0000-00-00 00:00:00'),
(6, 'ادويه بيطريه', 1, '2016-10-07 12:36:13', '0000-00-00 00:00:00'),
(7, 'مستلزمات بيطريه', 1, '2016-10-07 12:36:50', '0000-00-00 00:00:00');

-- --------------------------------------------------------

--
-- Table structure for table `item_definer`
--

CREATE TABLE `item_definer` (
  `id` int(10) UNSIGNED NOT NULL,
  `item_type_id` int(10) UNSIGNED NOT NULL,
  `item_name` varchar(255) COLLATE utf8_unicode_ci NOT NULL,
  `item_code` varchar(32) COLLATE utf8_unicode_ci NOT NULL,
  `paid_price` float(8,2) NOT NULL,
  `sell_dist_price` float(8,2) NOT NULL,
  `wholesale_price` float(8,2) NOT NULL,
  `started_quantity` float(8,2) NOT NULL,
  `item_profitability` float(8,2) NOT NULL,
  `re_request_point` float(8,2) NOT NULL,
  `non_storeable_item` int(11) NOT NULL DEFAULT '0',
  `none_active_item` int(11) NOT NULL DEFAULT '0',
  `item_picture` longtext COLLATE utf8_unicode_ci NOT NULL,
  `item_description` longtext COLLATE utf8_unicode_ci NOT NULL,
  `created_by` int(10) UNSIGNED NOT NULL,
  `created_at` timestamp NOT NULL DEFAULT '0000-00-00 00:00:00',
  `updated_at` timestamp NOT NULL DEFAULT '0000-00-00 00:00:00'
) ENGINE=InnoDB DEFAULT CHARSET=utf8 COLLATE=utf8_unicode_ci;

--
-- Dumping data for table `item_definer`
--

INSERT INTO `item_definer` (`id`, `item_type_id`, `item_name`, `item_code`, `paid_price`, `sell_dist_price`, `wholesale_price`, `started_quantity`, `item_profitability`, `re_request_point`, `non_storeable_item`, `none_active_item`, `item_picture`, `item_description`, `created_by`, `created_at`, `updated_at`) VALUES
(1, 1, 'wahre liebe sensible 400g', '0011', 32.00, 45.00, 45.00, 24.00, 13.00, 2.00, 0, 0, '', 'هوير ليب للقطط الكبيره', 1, '2016-10-06 21:36:04', '2016-10-21 21:22:44'),
(2, 1, 'wahre liebe sensible 1.5kg', '0012', 92.00, 150.00, 150.00, 6.00, 58.00, 2.00, 0, 0, '', 'هوير ليب للقطط الكبيره', 1, '2016-10-06 21:39:08', '2016-10-21 21:22:57'),
(3, 1, 'wahre liebe junge katze 1.5kg', '0013', 96.00, 150.00, 150.00, 6.00, 54.00, 2.00, 0, 0, '', 'هوير ليب للقطط الكبيره', 1, '2016-10-06 21:43:13', '2016-10-21 21:23:09'),
(4, 1, 'wahre liebe junge katze 400g', '0014', 32.00, 45.00, 45.00, 7.00, 13.00, 2.00, 0, 0, '', 'هوير ليب للقطط الصغيره', 1, '2016-10-06 21:44:28', '2016-10-21 21:23:23'),
(5, 1, 'royal canin urinary 1.5kg', '0015', 157.50, 180.00, 180.00, 2.00, 22.50, 1.00, 0, 0, '', '', 1, '2016-10-06 22:01:25', '0000-00-00 00:00:00'),
(6, 1, 'royal canin urinary 400g', '0016', 49.50, 56.50, 56.50, 2.00, 7.00, 1.00, 0, 0, '', '', 1, '2016-10-06 22:02:18', '0000-00-00 00:00:00'),
(7, 1, 'royal canin hairball care 2kg', '0018', 189.00, 221.50, 221.50, 1.00, 32.50, 1.00, 0, 0, '', '', 1, '2016-10-06 22:04:29', '2016-10-06 22:18:02'),
(8, 2, 'royal canin babydog milk', '0028', 220.00, 270.00, 270.00, 1.00, 50.00, 1.00, 0, 0, '', '', 1, '2016-10-07 12:43:30', '0000-00-00 00:00:00'),
(9, 2, 'royal canin babycat milk', '0029', 235.00, 299.00, 299.00, 1.00, 64.00, 1.00, 0, 0, '', '', 1, '2016-10-07 12:44:50', '0000-00-00 00:00:00'),
(10, 4, 'سننال قطط 30جرام', '00410', 22.50, 40.00, 40.00, 21.00, 17.50, 1.00, 0, 0, '', '', 1, '2016-10-07 12:48:54', '2016-10-15 14:58:05'),
(11, 4, 'سننال قطط 50جرام', '00411', 33.75, 55.00, 55.00, 14.00, 21.25, 1.00, 0, 0, '', '', 1, '2016-10-07 12:53:36', '0000-00-00 00:00:00'),
(12, 4, 'سننال كلاب 75جرام', '00412', 37.50, 60.00, 60.00, 8.00, 22.50, 1.00, 0, 0, '', '', 1, '2016-10-07 12:57:08', '0000-00-00 00:00:00'),
(13, 4, 'سننال كلاب 150جرام', '00413', 67.50, 100.00, 100.00, 3.00, 32.50, 1.00, 0, 0, '', '', 1, '2016-10-07 12:58:01', '0000-00-00 00:00:00'),
(14, 4, 'تونيمكس 100 جرام', '00414', 13.00, 20.00, 20.00, 10.00, 7.00, 1.00, 0, 0, '', '', 1, '2016-10-07 13:03:56', '0000-00-00 00:00:00'),
(15, 4, 'تونيمكس 250 جرام', '00415', 25.00, 45.00, 45.00, 4.00, 20.00, 1.00, 0, 0, '', '', 1, '2016-10-07 13:10:57', '0000-00-00 00:00:00'),
(16, 6, 'علبه انتي سيكس', '00418', 35.00, 70.00, 70.00, 10.00, 35.00, 1.00, 0, 0, '', '', 1, '2016-10-07 13:11:15', '2016-10-07 13:20:20'),
(17, 4, 'علبه كالسيوم crown', '00417', 60.00, 120.00, 120.00, 1.00, 60.00, 1.00, 0, 0, '', '', 1, '2016-10-07 13:14:59', '0000-00-00 00:00:00'),
(18, 3, 'شامبو تركسي 250ملي', '00318', 50.00, 65.00, 65.00, 7.00, 15.00, 1.00, 0, 0, '', '', 1, '2016-10-07 18:45:49', '0000-00-00 00:00:00'),
(19, 3, 'شامبو تركسي 400ملي', '00319', 72.00, 95.00, 95.00, 7.00, 23.00, 1.00, 0, 0, '', '', 1, '2016-10-07 18:46:26', '0000-00-00 00:00:00'),
(20, 3, 'تركسي اسبراي مانع حمام', '00320', 75.00, 125.00, 125.00, 2.00, 50.00, 1.00, 0, 0, '', '', 1, '2016-10-07 18:47:57', '0000-00-00 00:00:00'),
(21, 5, 'امبول بارص كلاب', '00522', 7.50, 15.00, 15.00, 38.00, 7.50, 5.00, 0, 0, '', '', 1, '2016-10-07 18:49:58', '2016-10-15 15:00:18'),
(22, 5, 'paracop plus للديدان', '00521', 112.50, 150.00, 150.00, 2.00, 37.50, 1.00, 0, 0, '', 'شاربه للديدان 1سم لكل كيلو امنه على الحوامل وللجراوي مننن عمر يوم', 1, '2016-10-07 19:16:14', '0000-00-00 00:00:00'),
(23, 5, 'امبول بارص قطط', '00523', 10.00, 15.00, 15.00, 58.00, 5.00, 5.00, 0, 0, '', '', 1, '2016-10-07 19:17:33', '2016-10-15 15:00:04'),
(24, 5, 'بارص اسبراي', '00524', 35.00, 60.00, 60.00, 5.00, 25.00, 1.00, 0, 0, '', '', 1, '2016-10-07 19:18:48', '0000-00-00 00:00:00'),
(25, 5, 'bio line اسبراي للحشرات', '00525', 65.00, 80.00, 80.00, 1.00, 15.00, 1.00, 0, 0, '', '', 1, '2016-10-07 19:20:20', '0000-00-00 00:00:00'),
(26, 5, 'قرص درونتال', '00526', 15.00, 25.00, 25.00, 21.00, 10.00, 5.00, 0, 0, '', '', 1, '2016-10-07 19:33:19', '0000-00-00 00:00:00'),
(27, 5, 'قرص درونتال هندي', '00527', 10.00, 25.00, 25.00, 50.00, 15.00, 5.00, 0, 0, '', '', 1, '2016-10-07 19:33:47', '2016-10-15 14:54:17'),
(28, 6, 'قطره ازن provet', '0061', 35.00, 50.00, 50.00, 5.00, 15.00, 1.00, 0, 0, '', '', 1, '2016-10-07 19:42:05', '0000-00-00 00:00:00'),
(29, 6, 'قطره للعين provet', '0062', 35.00, 50.00, 50.00, 3.00, 15.00, 1.00, 0, 0, '', '', 1, '2016-10-07 19:42:59', '0000-00-00 00:00:00'),
(30, 6, 'قطره بارص للازن', '0063', 23.00, 40.00, 40.00, 5.00, 17.00, 1.00, 0, 0, '', '', 1, '2016-10-07 19:43:43', '0000-00-00 00:00:00'),
(31, 7, 'بزازه', '0064', 18.00, 35.00, 35.00, 5.00, 17.00, 1.00, 0, 0, '', '', 1, '2016-10-07 19:44:48', '2016-10-15 14:55:39'),
(32, 7, 'معجونن اسنان ', '00732', 55.00, 100.00, 100.00, 4.00, 45.00, 1.00, 0, 0, '', '', 1, '2016-10-07 19:51:41', '0000-00-00 00:00:00'),
(33, 7, 'مكبس برشام', '00733', 12.00, 20.00, 20.00, 9.00, 8.00, 1.00, 0, 0, '', '', 1, '2016-10-07 19:52:37', '2016-10-15 14:55:25'),
(34, 5, 'طوق حشرات', '00534', 18.00, 30.00, 30.00, 10.00, 12.00, 1.00, 0, 0, '', '', 1, '2016-10-07 19:55:43', '0000-00-00 00:00:00'),
(35, 5, 'رباعي', '00535', 67.00, 90.00, 90.00, 0.00, 23.00, 2.00, 0, 0, '', '', 1, '2016-10-08 21:22:14', '2016-10-08 21:41:30'),
(36, 5, 'ثماني', '00136', 85.00, 125.00, 125.00, 0.00, 40.00, 2.00, 0, 0, '', '', 1, '2016-10-08 21:27:42', '2016-10-08 21:38:03'),
(37, 5, 'ثننائي', '00537', 35.00, 75.00, 75.00, 0.00, 40.00, 2.00, 0, 0, '', '', 1, '2016-10-08 21:35:48', '2016-10-08 21:40:54'),
(38, 5, 'ريفليوشن قطط وكلاب صغيره', '00538', 41.60, 60.00, 60.00, 17.00, 18.40, 2.00, 0, 0, '', '', 1, '2016-10-08 21:47:28', '0000-00-00 00:00:00'),
(39, 1, 'ريفليوشن قطط كبيره', '00139', 51.60, 65.00, 65.00, 18.00, 13.40, 2.00, 0, 0, '', '', 1, '2016-10-08 21:48:33', '0000-00-00 00:00:00'),
(40, 1, 'ريفليوشن كلاب من 5 الى 10ك', '00140', 61.60, 75.00, 75.00, 13.00, 13.40, 2.00, 0, 0, '', '', 1, '2016-10-08 21:49:47', '0000-00-00 00:00:00'),
(41, 1, 'ريفليوشن كلاب من 10 حتى 25ك', '00141', 81.60, 100.00, 100.00, 6.00, 18.40, 2.00, 0, 0, '', '', 1, '2016-10-08 21:50:31', '0000-00-00 00:00:00'),
(42, 5, 'ريفليوشن من 25 الى 40ك', '00542', 116.60, 130.00, 130.00, 0.00, 13.40, 2.00, 0, 0, '', '', 1, '2016-10-08 21:55:18', '2016-10-08 22:00:11'),
(43, 5, 'ادفانتكس اصغر منن 4 ك', '00543', 40.00, 60.00, 60.00, 3.00, 20.00, 1.00, 0, 0, '', '', 1, '2016-10-08 22:03:53', '0000-00-00 00:00:00'),
(44, 5, 'ادفانتكس من 4 حتى 10ك', '00544', 50.00, 80.00, 80.00, 2.00, 30.00, 1.00, 0, 0, '', '', 1, '2016-10-08 22:05:11', '0000-00-00 00:00:00'),
(45, 5, 'ادفانتكس اكبر منن 25 كيلو', '00545', 90.00, 120.00, 120.00, 3.00, 30.00, 1.00, 0, 0, '', '', 1, '2016-10-08 22:06:44', '0000-00-00 00:00:00'),
(46, 6, 'مرهم مينج سايد ', '00646', 6.00, 15.00, 15.00, 8.00, 9.00, 2.00, 0, 0, '', '', 1, '2016-10-09 13:30:30', '0000-00-00 00:00:00'),
(47, 1, 'زجاجة بيوتكس 1/4 لتر ', '00147', 26.50, 35.00, 35.00, 3.00, 8.50, 1.00, 0, 0, '', '', 1, '2016-10-09 13:37:43', '0000-00-00 00:00:00'),
(48, 1, 'deltamethirn 5%', '00148', 2.50, 10.00, 10.00, 6.00, 7.50, 2.00, 0, 0, '', '', 1, '2016-10-09 13:40:50', '2016-10-15 14:57:09'),
(49, 7, 'طوق عمليات M', '00749', 10.00, 25.00, 25.00, 1.00, 15.00, 1.00, 0, 0, '', '', 1, '2016-10-09 13:43:21', '0000-00-00 00:00:00'),
(50, 1, 'طوق عمليات XL', '00150', 20.00, 35.00, 35.00, 1.00, 15.00, 1.00, 0, 0, '', '', 1, '2016-10-09 13:43:48', '0000-00-00 00:00:00'),
(51, 1, 'طوق عمليات 2XL', '00151', 30.00, 45.00, 45.00, 1.00, 15.00, 1.00, 0, 0, '', '', 1, '2016-10-09 13:44:23', '0000-00-00 00:00:00'),
(52, 1, 'طوق عمليات 3XL', '00152', 30.00, 50.00, 50.00, 1.00, 20.00, 1.00, 0, 0, '', '', 1, '2016-10-09 13:44:48', '0000-00-00 00:00:00'),
(53, 4, 'قرص safeguard calcium', '00453', 0.50, 2.00, 2.00, 179.00, 1.50, 20.00, 0, 0, '', '', 1, '2016-10-09 13:59:44', '0000-00-00 00:00:00'),
(54, 1, 'قرص safeguard isomax', '00154', 0.62, 2.00, 2.00, 0.00, 1.38, 20.00, 0, 0, '', '', 1, '2016-10-09 14:00:30', '2016-10-09 14:07:56'),
(55, 1, 'قرص safeguard multi vitamins ', '00155', 0.50, 2.00, 2.00, 145.00, 1.50, 20.00, 0, 0, '', '', 1, '2016-10-09 14:03:13', '0000-00-00 00:00:00'),
(56, 5, 'تحصين فطريات vakderm', '00556', 75.00, 100.00, 100.00, 1.00, 25.00, 1.00, 0, 0, '', '', 1, '2016-10-10 13:38:14', '0000-00-00 00:00:00'),
(57, 6, 'synulox 1sm', '00657', 1.57, 10.00, 10.00, 20.00, 8.43, 5.00, 0, 0, '', '', 1, '2016-10-10 13:51:38', '0000-00-00 00:00:00'),
(58, 6, 'مقويات 1 سم phosphonortonic', '00658', 0.86, 10.00, 10.00, 100.00, 9.14, 10.00, 0, 0, '', '', 1, '2016-10-10 14:01:42', '0000-00-00 00:00:00'),
(59, 6, '1cm dectomax', '00659', 3.50, 15.00, 15.00, 40.00, 11.50, 10.00, 0, 0, '', '', 1, '2016-10-10 14:10:50', '0000-00-00 00:00:00'),
(60, 6, 'dexamethasone 1cm', '00660', 0.16, 5.00, 5.00, 80.00, 4.84, 10.00, 0, 0, '', '', 1, '2016-10-10 14:13:48', '0000-00-00 00:00:00'),
(61, 6, 'analgin', '00661', 0.15, 10.00, 10.00, 90.00, 9.85, 10.00, 0, 0, '', '', 1, '2016-10-10 14:17:32', '0000-00-00 00:00:00'),
(62, 6, '1cm multivitamins', '00662', 0.45, 10.00, 10.00, 95.00, 9.55, 10.00, 0, 0, '', '', 1, '2016-10-10 14:19:52', '0000-00-00 00:00:00'),
(63, 6, '1cm زيلا جيكت', '00663', 1.18, 10.00, 10.00, 50.00, 8.82, 10.00, 0, 0, '', '', 1, '2016-10-10 14:24:17', '0000-00-00 00:00:00'),
(64, 6, '1 cm cofacalcium', '00664', 0.60, 10.00, 10.00, 15.00, 9.40, 5.00, 0, 0, '', '', 1, '2016-10-10 14:28:25', '0000-00-00 00:00:00'),
(65, 6, 'atrobpin 1  شرطه', '00665', 0.03, 2.00, 2.00, 1000.00, 1.97, 20.00, 0, 0, '', '', 1, '2016-10-10 14:31:28', '0000-00-00 00:00:00'),
(66, 6, '1cm pancure', '00666', 0.16, 10.00, 10.00, 550.00, 9.84, 20.00, 0, 0, '', '', 1, '2016-10-10 14:35:51', '0000-00-00 00:00:00'),
(67, 6, '1cm ranitidine', '00667', 2.25, 10.00, 10.00, 8.00, 7.75, 2.00, 0, 0, '', '', 1, '2016-10-10 14:37:50', '0000-00-00 00:00:00'),
(68, 6, '1cm ivomac', '00668', 1.20, 10.00, 10.00, 45.00, 8.80, 5.00, 0, 0, '', '', 1, '2016-10-10 21:42:26', '0000-00-00 00:00:00'),
(69, 4, 'تونيمكس 500 جرام ', '00469', 35.00, 65.00, 65.00, 5.00, 30.00, 2.00, 0, 0, '', '', 1, '2016-10-14 14:19:31', '2016-10-14 14:38:08'),
(70, 4, 'تونيمكس 1 كجم ', '00470', 60.00, 100.00, 100.00, 1.00, 40.00, 1.00, 0, 0, '', '', 1, '2016-10-14 14:20:01', '0000-00-00 00:00:00'),
(71, 1, 'royal canin renal 2kg', '00171', 234.00, 268.00, 268.00, 1.00, 34.00, 1.00, 0, 0, '', '', 1, '2016-10-14 21:52:46', '0000-00-00 00:00:00'),
(72, 1, 'royal canin intestinal 400g', '00172', 49.50, 67.00, 67.00, 2.00, 17.50, 1.00, 0, 0, '', '', 1, '2016-10-14 21:54:14', '0000-00-00 00:00:00'),
(73, 6, 'علبه حبوب حصوات', '00673', 75.00, 125.00, 125.00, 3.00, 50.00, 1.00, 0, 0, '', '', 1, '2016-10-14 22:03:58', '0000-00-00 00:00:00'),
(74, 3, 'شامبو بارص', '00374', 35.00, 50.00, 50.00, 2.00, 15.00, 1.00, 0, 0, '', '', 1, '2016-10-14 22:08:35', '0000-00-00 00:00:00'),
(75, 7, 'cat catheterv قسطره', '00775', 27.00, 50.00, 50.00, 6.00, 23.00, 1.00, 0, 0, '', '', 1, '2016-10-15 21:37:24', '0000-00-00 00:00:00'),
(76, 5, 'toxoplasma اختبار بالتحليل', '00576', 15.00, 50.00, 50.00, 1.00, 35.00, 1.00, 0, 0, '', '', 1, '2016-10-15 21:38:32', '0000-00-00 00:00:00'),
(77, 5, 'درونتال قطط', '00577', 10.00, 20.00, 20.00, 24.00, 10.00, 5.00, 0, 0, '', '', 1, '2016-10-20 14:40:28', '2016-10-24 18:36:16'),
(78, 3, 'هيربل', '00378', 200.00, 300.00, 300.00, 30.00, 100.00, 2.00, 0, 0, '', '', 1, '2016-10-24 13:40:12', '0000-00-00 00:00:00');

-- --------------------------------------------------------

--
-- Table structure for table `migrations`
--

CREATE TABLE `migrations` (
  `migration` varchar(255) COLLATE utf8_unicode_ci NOT NULL,
  `batch` int(11) NOT NULL
) ENGINE=InnoDB DEFAULT CHARSET=utf8 COLLATE=utf8_unicode_ci;

--
-- Dumping data for table `migrations`
--

INSERT INTO `migrations` (`migration`, `batch`) VALUES
('2016_09_18_232943_create_users', 1),
('2016_09_18_233004_create_applications', 1),
('2016_09_18_233208_create_animal_type_for_services', 1),
('2016_09_18_233241_create_cash_types_definer', 1),
('2016_09_18_233327_create_items_type_definer', 1),
('2016_09_18_233356_create_services_definer', 1),
('2016_09_18_233420_create_delete_items_from_store', 1),
('2016_09_18_233449_create_store_items', 1),
('2016_09_18_233522_create_record_cash', 1),
('2016_09_18_233547_create_soldItems', 1),
('2016_09_18_233620_create_item_definer', 1);

-- --------------------------------------------------------

--
-- Table structure for table `monthlycosts`
--

CREATE TABLE `monthlycosts` (
  `id` int(10) NOT NULL,
  `date` date NOT NULL,
  `expenses_name` varchar(255) NOT NULL,
  `expenses_value` decimal(8,2) NOT NULL,
  `notice` text NOT NULL,
  `created_by` int(10) UNSIGNED NOT NULL,
  `created_at` timestamp NOT NULL DEFAULT CURRENT_TIMESTAMP ON UPDATE CURRENT_TIMESTAMP,
  `updated_at` timestamp NOT NULL DEFAULT '0000-00-00 00:00:00'
) ENGINE=InnoDB DEFAULT CHARSET=utf8;

-- --------------------------------------------------------

--
-- Table structure for table `other_services`
--

CREATE TABLE `other_services` (
  `id` int(10) NOT NULL,
  `service_name` varchar(155) NOT NULL,
  `check_date` date NOT NULL,
  `client_name` varchar(11) NOT NULL,
  `client_mobile` varchar(255) DEFAULT NULL,
  `animal_type` varchar(255) NOT NULL,
  `notice` text,
  `price` float(8,2) NOT NULL,
  `created_by` int(10) UNSIGNED NOT NULL,
  `created_at` timestamp NOT NULL DEFAULT '0000-00-00 00:00:00' ON UPDATE CURRENT_TIMESTAMP,
  `updated_at` timestamp NULL DEFAULT NULL ON UPDATE CURRENT_TIMESTAMP,
  `gender` int(11) DEFAULT NULL
) ENGINE=InnoDB DEFAULT CHARSET=utf8;

--
-- Dumping data for table `other_services`
--

INSERT INTO `other_services` (`id`, `service_name`, `check_date`, `client_name`, `client_mobile`, `animal_type`, `notice`, `price`, `created_by`, `created_at`, `updated_at`, `gender`) VALUES
(1, 'تحليل قطة', '2016-10-01', 'لا', 'لا', 'قطة', '', 25.00, 1, '2016-10-12 22:46:40', NULL, 2),
(2, 'جبيرة قطة', '2016-10-01', 'لا', 'لا', 'قطة', '', 10.00, 1, '2016-10-12 22:47:37', NULL, 2),
(3, 'تنظيف اذن', '2016-10-01', 'لا', 'لا', 'قطة', '', 10.00, 1, '2016-10-12 22:51:59', '2016-10-12 22:51:59', 2),
(4, 'قطرة اذن', '2016-10-01', 'لا', 'لا', 'قطة', '', 10.00, 1, '2016-10-12 22:49:55', NULL, 2),
(5, 'تركيب محلول ', '2016-10-02', 'لا', 'لا', 'لا', '', 25.00, 1, '2016-10-13 14:37:23', NULL, 1),
(6, '3', '2016-10-02', 'لا', 'لا', 'لا', '', 10.00, 1, '2016-10-13 14:38:54', NULL, 1),
(7, '4', '2016-10-02', 'لا', 'لا', 'قطة', '', 10.00, 1, '2016-10-13 14:39:20', NULL, 1),
(8, 'اعطاء حقنه', '2016-10-02', 'لا', 'لا', 'قطة', '', 5.00, 1, '2016-10-13 14:40:12', NULL, 1),
(9, '3', '2016-10-05', 'لا', 'لا', 'قطه', '', 10.00, 1, '2016-10-13 15:16:39', NULL, 1),
(10, '4', '2016-10-05', 'لا', 'لا', 'قطه', '', 10.00, 1, '2016-10-13 15:17:09', NULL, 1),
(11, '3', '2016-10-08', 'لا', 'لا', 'لا', '', 10.00, 1, '2016-10-13 21:32:09', NULL, 1),
(12, '4', '2016-10-08', 'لا', 'لا', 'لا', '', 10.00, 1, '2016-10-13 21:32:45', NULL, 1),
(13, '3', '2016-10-09', 'لا', 'لا', 'لا', '', 10.00, 1, '2016-10-13 22:10:01', NULL, 1),
(14, '4', '2016-10-09', 'لا', 'لا', 'لا', '', 10.00, 1, '2016-10-13 22:10:22', NULL, 1),
(15, '3', '2016-10-09', 'لا', 'لا', 'لا', '', 10.00, 1, '2016-10-13 22:11:06', NULL, 1),
(16, 'عينه ميكروسكوب', '2016-10-10', 'لا', 'لا', 'لا', '', 15.00, 1, '2016-10-13 23:07:12', '2016-10-13 23:07:12', 1),
(17, '3', '2016-10-10', 'لا', 'لا', 'لا', '', 10.00, 1, '2016-10-13 22:53:38', NULL, 1),
(18, 'عينة دم ', '2016-10-12', 'لا', 'لا', 'لا', '', 30.00, 1, '2016-10-14 14:10:08', NULL, 1),
(19, '3', '2016-10-12', 'لا', 'لا', 'لا', '', 10.00, 1, '2016-10-14 14:10:58', NULL, 1),
(20, '4', '2016-10-12', 'لا', 'لا', 'لا', '', 10.00, 1, '2016-10-14 14:11:16', NULL, 1),
(21, '16', '2016-10-13', 'لا', 'لا', 'لا', '', 15.00, 1, '2016-10-14 14:20:35', NULL, 1),
(22, '3', '2016-10-18', 'بدون', 'بدون', 'قطه', '', 10.00, 4, '2016-10-18 17:56:03', NULL, 1),
(23, '0', '2016-10-22', 'بدون', 'بدون', 'قطه', '', 10.00, 1, '2016-10-22 22:55:44', NULL, 1),
(24, '0', '2016-10-22', 'بدون', 'بدون', 'قطه', '', 10.00, 1, '2016-10-22 22:55:57', NULL, 1),
(25, '0', '2016-10-22', 'بدون', 'بدون', 'قطه', '', 15.00, 1, '2016-10-22 22:56:16', NULL, 1),
(27, '0', '2016-10-22', 'ماجد', '01270290053', 'كلب جيرمن', '', 50.00, 1, '2016-10-22 23:01:58', NULL, 2),
(28, 'تجريب', '2016-10-27', 'بدون', 'بدون', 'شس', '', 120.00, 1, '2016-10-27 00:51:11', NULL, 1),
(29, '28', '2016-10-27', 'بدون', 'بدون', 'شسي', '', 120.00, 1, '2016-10-27 00:51:30', NULL, 1),
(30, '3', '2016-10-28', 'بدون', 'بدون', 'شش', '', 10.00, 1, '2016-10-28 20:38:28', NULL, 1),
(31, '1', '2016-10-28', 'بدون', 'بدون', 'ش', '', 25.00, 1, '2016-10-28 21:38:22', NULL, 1),
(32, 'تحليل قطة', '2016-10-28', 'بدون', 'بدون', 'روت ويلر', '', 25.00, 1, '2016-10-28 21:41:05', NULL, 1),
(33, 'تجريب 2', '2016-10-28', 'بدون', 'بدون', 'روت ويلر', '', 300.00, 1, '2016-10-28 21:41:26', NULL, 1);

-- --------------------------------------------------------

--
-- Table structure for table `print_barcode`
--

CREATE TABLE `print_barcode` (
  `id` int(10) NOT NULL,
  `quantity` float(8,2) NOT NULL,
  `item_code` varchar(35) NOT NULL,
  `created_at` timestamp NOT NULL DEFAULT CURRENT_TIMESTAMP,
  `item_name` varchar(255) NOT NULL,
  `sell_dist_price` float(8,2) NOT NULL
) ENGINE=InnoDB DEFAULT CHARSET=utf8;

--
-- Dumping data for table `print_barcode`
--

INSERT INTO `print_barcode` (`id`, `quantity`, `item_code`, `created_at`, `item_name`, `sell_dist_price`) VALUES
(1, 12.00, '0012', '2016-10-24 00:04:47', 'wahre liebe sensible 1.5kg', 150.00);

-- --------------------------------------------------------

--
-- Table structure for table `record_cash`
--

CREATE TABLE `record_cash` (
  `id` int(10) UNSIGNED NOT NULL,
  `cash_date` varchar(255) COLLATE utf8_unicode_ci NOT NULL,
  `cash_amount` float(8,2) NOT NULL,
  `cash_type` int(11) NOT NULL,
  `cash_notice` longtext COLLATE utf8_unicode_ci NOT NULL,
  `cash_transactions` int(10) UNSIGNED NOT NULL,
  `created_by` int(10) UNSIGNED NOT NULL,
  `created_at` timestamp NOT NULL DEFAULT '0000-00-00 00:00:00',
  `updated_at` timestamp NOT NULL DEFAULT '0000-00-00 00:00:00'
) ENGINE=InnoDB DEFAULT CHARSET=utf8 COLLATE=utf8_unicode_ci;

-- --------------------------------------------------------

--
-- Table structure for table `revenu`
--

CREATE TABLE `revenu` (
  `id` int(10) NOT NULL,
  `date` date NOT NULL,
  `expenses_name` varchar(255) NOT NULL,
  `expenses_value` decimal(8,2) NOT NULL,
  `notice` text NOT NULL,
  `created_by` int(10) UNSIGNED NOT NULL,
  `created_at` timestamp NOT NULL DEFAULT CURRENT_TIMESTAMP ON UPDATE CURRENT_TIMESTAMP,
  `updated_at` timestamp NOT NULL DEFAULT '0000-00-00 00:00:00'
) ENGINE=InnoDB DEFAULT CHARSET=utf8;

--
-- Dumping data for table `revenu`
--

INSERT INTO `revenu` (`id`, `date`, `expenses_name`, `expenses_value`, `notice`, `created_by`, `created_at`, `updated_at`) VALUES
(1, '2016-10-02', 'محلول', '10.00', '', 1, '2016-10-13 14:30:53', '2016-10-13 14:30:53'),
(2, '2016-10-10', 'زيادة لزبون', '5.00', '', 1, '2016-10-13 23:07:58', '2016-10-13 23:07:58'),
(3, '2016-10-22', '1سم كالسيوم ', '10.00', '', 1, '2016-10-22 23:05:02', '2016-10-22 23:05:02'),
(4, '2016-10-22', '3 سم جلوكوز ', '15.00', '', 1, '2016-10-22 23:05:21', '2016-10-22 23:05:21');

-- --------------------------------------------------------

--
-- Table structure for table `reversing_invoice`
--

CREATE TABLE `reversing_invoice` (
  `id` int(10) UNSIGNED NOT NULL,
  `invoice_number` varchar(255) COLLATE utf8_unicode_ci NOT NULL,
  `invoice_parent` varchar(255) COLLATE utf8_unicode_ci NOT NULL,
  `invoice_date` date NOT NULL,
  `provider_name` varchar(255) COLLATE utf8_unicode_ci NOT NULL DEFAULT '',
  `item_code` int(10) NOT NULL,
  `item_name` varchar(255) COLLATE utf8_unicode_ci NOT NULL,
  `item_type` int(11) NOT NULL,
  `item_quantity` float(8,2) NOT NULL,
  `item_price` float(8,2) NOT NULL,
  `item_total_price` float(8,2) NOT NULL,
  `items_total_price` float(8,2) NOT NULL,
  `items_discount` float(8,2) NOT NULL,
  `payment_method` int(1) NOT NULL,
  `addons` float(8,2) NOT NULL,
  `items_net_total` float(8,2) NOT NULL,
  `invoice_notice` text COLLATE utf8_unicode_ci NOT NULL,
  `started_quantity_flage` int(11) NOT NULL DEFAULT '0',
  `created_by` int(10) UNSIGNED NOT NULL,
  `created_at` timestamp NOT NULL DEFAULT '0000-00-00 00:00:00',
  `updated_at` timestamp NOT NULL DEFAULT '0000-00-00 00:00:00'
) ENGINE=InnoDB DEFAULT CHARSET=utf8 COLLATE=utf8_unicode_ci;

-- --------------------------------------------------------

--
-- Table structure for table `sell_invoice_with_service`
--

CREATE TABLE `sell_invoice_with_service` (
  `id` int(10) UNSIGNED NOT NULL,
  `invoice_id` int(10) UNSIGNED NOT NULL,
  `service_id` int(10) UNSIGNED NOT NULL,
  `service_name` varchar(35) CHARACTER SET utf8 NOT NULL,
  `table_name` varchar(35) NOT NULL,
  `price` decimal(8,2) NOT NULL,
  `created_at` timestamp NOT NULL DEFAULT CURRENT_TIMESTAMP,
  `created_by` int(10) UNSIGNED NOT NULL
) ENGINE=InnoDB DEFAULT CHARSET=latin1;

--
-- Dumping data for table `sell_invoice_with_service`
--

INSERT INTO `sell_invoice_with_service` (`id`, `invoice_id`, `service_id`, `service_name`, `table_name`, `price`, `created_at`, `created_by`) VALUES
(2, 180, 36, 'كشف و إستشارة', 'check', '30.00', '2016-10-22 22:27:07', 1),
(5, 188, 40, 'كشف و إستشارة', 'check', '20.00', '2016-10-23 18:41:01', 4);

-- --------------------------------------------------------

--
-- Table structure for table `services_definer`
--

CREATE TABLE `services_definer` (
  `id` int(10) UNSIGNED NOT NULL,
  `service_name` varchar(255) COLLATE utf8_unicode_ci NOT NULL,
  `service_price` float(8,2) NOT NULL,
  `service_type` int(1) NOT NULL,
  `weak_discount` float(8,2) NOT NULL,
  `month_discount` float(8,2) NOT NULL,
  `service_plan` int(11) NOT NULL,
  `service_notice` longtext COLLATE utf8_unicode_ci NOT NULL,
  `created_by` int(10) UNSIGNED NOT NULL,
  `created_at` timestamp NOT NULL DEFAULT '0000-00-00 00:00:00',
  `updated_at` timestamp NOT NULL DEFAULT '0000-00-00 00:00:00'
) ENGINE=InnoDB DEFAULT CHARSET=utf8 COLLATE=utf8_unicode_ci;

--
-- Dumping data for table `services_definer`
--

INSERT INTO `services_definer` (`id`, `service_name`, `service_price`, `service_type`, `weak_discount`, `month_discount`, `service_plan`, `service_notice`, `created_by`, `created_at`, `updated_at`) VALUES
(1, 'قطة صغيرة', 10.00, 1, 15.00, 25.00, 1, '', 1, '2016-10-02 13:28:34', '0000-00-00 00:00:00'),
(2, 'قطة كبيرة الحجم', 20.00, 1, 15.00, 25.00, 1, '', 1, '2016-10-02 13:28:46', '0000-00-00 00:00:00'),
(3, 'كلب صغير الحجم', 20.00, 1, 15.00, 25.00, 1, '', 1, '2016-10-02 13:30:03', '0000-00-00 00:00:00'),
(4, 'كلب متوسط الحجم', 30.00, 1, 15.00, 25.00, 1, '', 1, '2016-10-02 13:30:15', '0000-00-00 00:00:00'),
(5, 'كلب كبير الحجم', 40.00, 1, 15.00, 25.00, 1, '', 1, '2016-10-02 13:30:27', '0000-00-00 00:00:00'),
(6, 'كلب ضخم', 50.00, 1, 15.00, 25.00, 1, '', 1, '2016-10-02 13:30:39', '0000-00-00 00:00:00'),
(7, 'كلب جامبو', 60.00, 1, 15.00, 25.00, 1, '', 1, '2016-10-02 13:30:51', '0000-00-00 00:00:00'),
(8, 'نسناس صغير', 20.00, 1, 15.00, 25.00, 1, '', 1, '2016-10-02 13:31:00', '0000-00-00 00:00:00'),
(9, 'نسناس كبير', 40.00, 1, 15.00, 25.00, 1, '', 1, '2016-10-02 13:31:09', '0000-00-00 00:00:00'),
(10, 'سلحفاء', 10.00, 1, 15.00, 25.00, 1, '', 1, '2016-10-02 13:31:20', '0000-00-00 00:00:00'),
(11, 'قطة صغيرة الحجم', 25.00, 2, 0.00, 0.00, 4, '', 1, '2016-10-02 13:32:24', '0000-00-00 00:00:00'),
(12, 'قطة كبيرة الحجم', 35.00, 2, 0.00, 0.00, 4, '', 1, '2016-10-02 13:32:34', '0000-00-00 00:00:00'),
(13, 'كلب صغير الحجم', 25.00, 2, 0.00, 0.00, 4, '', 1, '2016-10-02 13:32:52', '0000-00-00 00:00:00'),
(14, 'كلب متوسط الحجم', 35.00, 2, 0.00, 0.00, 4, '', 1, '2016-10-02 13:33:02', '0000-00-00 00:00:00'),
(15, 'كلب كبير الحجم', 45.00, 2, 0.00, 0.00, 4, '', 1, '2016-10-02 13:33:44', '0000-00-00 00:00:00'),
(16, 'كلب صخم ', 55.00, 2, 0.00, 0.00, 4, '', 1, '2016-10-02 13:33:57', '0000-00-00 00:00:00'),
(17, 'كلب جامبو', 65.00, 2, 0.00, 0.00, 4, '', 1, '2016-10-02 13:34:07', '0000-00-00 00:00:00'),
(18, 'نسناس صغير', 35.00, 2, 0.00, 0.00, 4, '', 1, '2016-10-02 13:34:29', '0000-00-00 00:00:00'),
(19, 'نسناس كبير', 50.00, 2, 0.00, 0.00, 4, '', 1, '2016-10-02 13:34:45', '0000-00-00 00:00:00'),
(20, 'حلاقة كاملة لقطة', 50.00, 2, 0.00, 0.00, 6, '', 1, '2016-10-02 13:35:22', '0000-00-00 00:00:00'),
(21, 'حلاقة سعر ملبد لقطة', 15.00, 2, 0.00, 0.00, 6, '', 1, '2016-10-02 13:35:33', '0000-00-00 00:00:00'),
(22, 'حلاقة كلب شعر خفيف', 30.00, 2, 0.00, 0.00, 6, '', 1, '2016-10-02 13:35:51', '0000-00-00 00:00:00'),
(23, 'حلاقة كلب شعر كثيف', 60.00, 2, 0.00, 0.00, 6, '', 1, '2016-10-02 13:36:03', '0000-00-00 00:00:00'),
(24, 'حلاقة كلب شعر ملبد ', 20.00, 2, 0.00, 0.00, 6, '', 1, '2016-10-02 13:36:37', '2016-10-13 22:59:27'),
(25, 'قطة', 10.00, 2, 0.00, 0.00, 5, '', 1, '2016-10-12 21:47:18', '0000-00-00 00:00:00'),
(26, 'كلب', 10.00, 2, 0.00, 0.00, 5, '', 1, '2016-10-12 21:47:22', '0000-00-00 00:00:00');

-- --------------------------------------------------------

--
-- Table structure for table `shaving`
--

CREATE TABLE `shaving` (
  `id` int(10) NOT NULL,
  `date` date NOT NULL,
  `client_name` varchar(255) NOT NULL,
  `client_mobile` varchar(11) NOT NULL,
  `animal_type` int(10) UNSIGNED NOT NULL,
  `service_type` int(10) NOT NULL,
  `price` float(8,2) NOT NULL,
  `gender` int(1) NOT NULL,
  `notice` text,
  `created_by` int(10) UNSIGNED NOT NULL,
  `created_at` date NOT NULL,
  `updated_at` date DEFAULT NULL
) ENGINE=InnoDB DEFAULT CHARSET=utf8;

--
-- Dumping data for table `shaving`
--

INSERT INTO `shaving` (`id`, `date`, `client_name`, `client_mobile`, `animal_type`, `service_type`, `price`, `gender`, `notice`, `created_by`, `created_at`, `updated_at`) VALUES
(1, '2016-10-01', 'كنحمننم', '32323', 26, 2, 10.00, 1, '', 1, '2016-10-13', NULL),
(2, '2016-10-01', 'لا', 'لا', 25, 2, 10.00, 1, '', 1, '2016-10-13', NULL),
(3, '2016-10-01', 'لا', 'لا', 25, 2, 10.00, 1, '', 1, '2016-10-13', NULL),
(4, '2016-10-02', 'لا', 'لا', 25, 2, 10.00, 1, '', 1, '2016-10-13', NULL),
(5, '2016-10-02', 'لا', 'لا', 25, 2, 10.00, 1, '', 1, '2016-10-13', NULL),
(6, '2016-10-03', 'لا', 'لا', 25, 2, 10.00, 1, '', 1, '2016-10-13', NULL),
(7, '2016-10-04', 'لا', 'لا', 25, 2, 10.00, 1, '', 1, '2016-10-13', NULL),
(8, '2016-10-08', 'لا', 'لا', 25, 2, 10.00, 1, '', 1, '2016-10-13', NULL),
(9, '2016-10-09', 'لا', 'لا', 25, 2, 10.00, 1, '', 1, '2016-10-14', NULL),
(10, '2016-10-10', 'لا', 'لا', 25, 2, 10.00, 1, '', 1, '2016-10-14', NULL),
(11, '2016-10-10', 'لا', 'لا', 26, 2, 10.00, 1, '', 1, '2016-10-14', NULL),
(12, '2016-10-10', 'لا', 'لا', 24, 1, 20.00, 1, '', 1, '2016-10-14', NULL),
(13, '2016-10-12', 'لا', 'لا', 25, 2, 10.00, 1, '', 1, '2016-10-14', NULL),
(14, '2016-10-13', 'لا', 'لا', 25, 2, 10.00, 1, '', 1, '2016-10-14', NULL),
(15, '2016-10-13', 'لا', 'لا', 25, 2, 10.00, 1, '', 1, '2016-10-14', NULL),
(16, '2016-10-17', 'دكتوره هبه', 'بدون', 25, 2, 10.00, 1, '', 4, '2016-10-17', NULL),
(17, '2016-10-17', 'نورا', 'بدون', 26, 2, 10.00, 1, '', 4, '2016-10-17', NULL),
(18, '2016-10-17', 'احمد ابو عمو', '01020039741', 25, 2, 10.00, 1, '', 4, '2016-10-17', NULL),
(19, '2016-10-18', 'بدون', 'بدون', 25, 2, 10.00, 1, '', 4, '2016-10-18', NULL),
(20, '2016-10-20', 'بدون', 'بدون', 24, 1, 20.00, 1, '', 4, '2016-10-20', NULL),
(21, '2016-10-22', 'بدون', 'بدون', 25, 2, 10.00, 1, '', 4, '2016-10-22', NULL),
(22, '2016-10-22', 'بدون', 'بدون', 20, 1, 10.00, 1, '', 1, '2016-10-22', '2016-10-28');

-- --------------------------------------------------------

--
-- Table structure for table `shower`
--

CREATE TABLE `shower` (
  `id` int(10) NOT NULL,
  `date` date NOT NULL,
  `client_name` varchar(255) NOT NULL,
  `client_mobile` varchar(11) NOT NULL,
  `animal_type` int(10) UNSIGNED NOT NULL,
  `service_type` int(1) NOT NULL,
  `price` float(8,2) NOT NULL,
  `gender` int(1) NOT NULL,
  `notice` text,
  `created_by` int(10) UNSIGNED NOT NULL,
  `created_at` date NOT NULL,
  `updated_at` date DEFAULT NULL
) ENGINE=InnoDB DEFAULT CHARSET=utf8;

--
-- Dumping data for table `shower`
--

INSERT INTO `shower` (`id`, `date`, `client_name`, `client_mobile`, `animal_type`, `service_type`, `price`, `gender`, `notice`, `created_by`, `created_at`, `updated_at`) VALUES
(1, '2016-10-02', 'لا', 'لا', 12, 1, 35.00, 1, '', 1, '2016-10-13', NULL),
(2, '2016-10-02', 'لا', 'لا', 12, 1, 35.00, 1, '', 1, '2016-10-13', NULL),
(3, '2016-10-05', 'لا', 'لا', 17, 1, 65.00, 1, '', 1, '2016-10-13', NULL),
(4, '2016-10-05', 'لا', 'لا', 15, 1, 45.00, 1, '', 1, '2016-10-13', NULL),
(5, '2016-10-08', 'لا', 'لا', 11, 1, 25.00, 1, '', 1, '2016-10-13', NULL),
(6, '2016-10-10', 'لا', 'لا', 14, 1, 35.00, 1, '', 1, '2016-10-14', NULL),
(7, '2016-10-10', 'لا', 'لا', 12, 1, 35.00, 1, '', 1, '2016-10-14', NULL),
(8, '2016-10-10', 'لا', 'لا', 14, 1, 35.00, 1, '', 1, '2016-10-14', NULL),
(9, '2016-10-12', 'لا', 'لا', 11, 1, 25.00, 1, '', 1, '2016-10-14', NULL),
(10, '2016-10-13', 'لا', 'لا', 12, 1, 35.00, 1, '', 1, '2016-10-14', NULL),
(11, '2016-10-13', 'لا', 'لا', 11, 1, 25.00, 1, '', 1, '2016-10-14', NULL),
(12, '2016-10-15', 'باسم', '01289413338', 16, 1, 55.00, 1, '', 1, '2016-10-15', NULL),
(13, '2016-10-16', 'بدون', 'بدون', 15, 1, 45.00, 1, '', 1, '2016-10-16', NULL),
(14, '2016-10-19', 'ساره', 'بدون', 12, 1, 30.00, 1, 'خصم 5 جنيهات ( الشامبو من عندها )', 4, '2016-10-19', NULL),
(15, '2016-10-22', 'لا', 'لا', 11, 1, 25.00, 1, '', 4, '2016-10-22', NULL),
(16, '2016-10-22', 'بدون', 'بدون', 11, 1, 25.00, 1, '', 4, '2016-10-22', NULL),
(18, '2016-10-22', 'بدون', 'بدون', 11, 1, 25.00, 1, '', 1, '2016-10-22', NULL),
(20, '2016-10-23', 'د/ هبه', '01069817250', 12, 1, 35.00, 2, '', 1, '2016-10-23', '2016-10-25');

-- --------------------------------------------------------

--
-- Table structure for table `solditems`
--

CREATE TABLE `solditems` (
  `id` int(10) UNSIGNED NOT NULL,
  `invoice_number` int(11) NOT NULL,
  `invoice_parent` int(11) NOT NULL,
  `invoice_date` date NOT NULL,
  `client_name` varchar(255) COLLATE utf8_unicode_ci NOT NULL DEFAULT '',
  `item_code` varchar(11) COLLATE utf8_unicode_ci NOT NULL,
  `item_type` int(11) NOT NULL,
  `item_quantity` float(8,2) NOT NULL,
  `item_price` float(8,2) NOT NULL,
  `paid_price` float(8,2) NOT NULL,
  `item_total_price` float(8,2) NOT NULL,
  `items_total_price` float(8,2) NOT NULL,
  `items_discount` float(8,2) NOT NULL,
  `payment_method` float(8,2) NOT NULL,
  `addons` float(8,2) NOT NULL,
  `items_net_total` float(8,2) NOT NULL,
  `invoice_notice` text COLLATE utf8_unicode_ci NOT NULL,
  `created_by` int(10) UNSIGNED NOT NULL,
  `created_at` timestamp NOT NULL DEFAULT '0000-00-00 00:00:00',
  `updated_at` timestamp NOT NULL DEFAULT '0000-00-00 00:00:00'
) ENGINE=InnoDB DEFAULT CHARSET=utf8 COLLATE=utf8_unicode_ci;

--
-- Dumping data for table `solditems`
--

INSERT INTO `solditems` (`id`, `invoice_number`, `invoice_parent`, `invoice_date`, `client_name`, `item_code`, `item_type`, `item_quantity`, `item_price`, `paid_price`, `item_total_price`, `items_total_price`, `items_discount`, `payment_method`, `addons`, `items_net_total`, `invoice_notice`, `created_by`, `created_at`, `updated_at`) VALUES
(1, 1, 0, '2016-10-01', '', '', 0, 0.00, 0.00, 0.00, 0.00, 10.00, 0.00, 1.00, 0.00, 10.00, '', 1, '2016-10-12 22:30:17', '0000-00-00 00:00:00'),
(2, 0, 1, '2016-10-01', '', '00658', 6, 1.00, 10.00, 0.86, 10.00, 0.00, 0.00, 0.00, 0.00, 0.00, '', 1, '2016-10-12 22:30:17', '0000-00-00 00:00:00'),
(3, 3, 0, '2016-10-01', '', '', 0, 0.00, 0.00, 0.00, 0.00, 15.00, 0.00, 1.00, 0.00, 15.00, '', 1, '2016-10-12 22:30:56', '0000-00-00 00:00:00'),
(4, 0, 3, '2016-10-01', '', '00522', 5, 1.00, 15.00, 7.50, 15.00, 0.00, 0.00, 0.00, 0.00, 0.00, '', 1, '2016-10-12 22:30:56', '0000-00-00 00:00:00'),
(5, 5, 0, '2016-10-01', '', '', 0, 0.00, 0.00, 0.00, 0.00, 465.00, 5.00, 1.00, 0.00, 460.00, '', 1, '2016-10-12 22:43:54', '0000-00-00 00:00:00'),
(6, 0, 5, '2016-10-01', '', '00155', 1, 10.00, 2.00, 0.50, 20.00, 0.00, 0.00, 0.00, 0.00, 0.00, '', 1, '2016-10-12 22:43:54', '0000-00-00 00:00:00'),
(7, 0, 5, '2016-10-01', '', '00661', 6, 1.00, 10.00, 0.15, 10.00, 0.00, 0.00, 0.00, 0.00, 0.00, '', 1, '2016-10-12 22:43:54', '0000-00-00 00:00:00'),
(8, 0, 5, '2016-10-01', '', '0011', 1, 1.00, 40.00, 32.00, 40.00, 0.00, 0.00, 0.00, 0.00, 0.00, '', 1, '2016-10-12 22:43:54', '0000-00-00 00:00:00'),
(9, 0, 5, '2016-10-01', '', '00411', 4, 1.00, 55.00, 33.75, 55.00, 0.00, 0.00, 0.00, 0.00, 0.00, '', 1, '2016-10-12 22:43:54', '0000-00-00 00:00:00'),
(10, 0, 5, '2016-10-01', '', '00147', 1, 1.00, 35.00, 26.50, 35.00, 0.00, 0.00, 0.00, 0.00, 0.00, '', 1, '2016-10-12 22:43:54', '0000-00-00 00:00:00'),
(11, 0, 5, '2016-10-01', '', '00660', 6, 4.00, 5.00, 0.16, 20.00, 0.00, 0.00, 0.00, 0.00, 0.00, '', 1, '2016-10-12 22:43:54', '0000-00-00 00:00:00'),
(12, 0, 5, '2016-10-01', '', '00535', 5, 1.00, 90.00, 67.00, 90.00, 0.00, 0.00, 0.00, 0.00, 0.00, '', 1, '2016-10-12 22:43:54', '0000-00-00 00:00:00'),
(13, 0, 5, '2016-10-01', '', '00661', 6, 1.00, 10.00, 0.15, 10.00, 0.00, 0.00, 0.00, 0.00, 0.00, '', 1, '2016-10-12 22:43:54', '0000-00-00 00:00:00'),
(14, 0, 5, '2016-10-01', '', '00538', 5, 2.00, 60.00, 41.60, 120.00, 0.00, 0.00, 0.00, 0.00, 0.00, '', 1, '2016-10-12 22:43:54', '0000-00-00 00:00:00'),
(15, 0, 5, '2016-10-01', '', '00526', 5, 1.00, 25.00, 15.00, 25.00, 0.00, 0.00, 0.00, 0.00, 0.00, '', 1, '2016-10-12 22:43:54', '0000-00-00 00:00:00'),
(16, 0, 5, '2016-10-01', '', '00410', 4, 1.00, 40.00, 22.50, 40.00, 0.00, 0.00, 0.00, 0.00, 0.00, '', 1, '2016-10-12 22:43:54', '0000-00-00 00:00:00'),
(17, 17, 0, '2016-10-02', '', '', 0, 0.00, 0.00, 0.00, 0.00, 65.00, 0.00, 1.00, 0.00, 65.00, '', 1, '2016-10-13 14:15:00', '0000-00-00 00:00:00'),
(18, 0, 17, '2016-10-02', '', '00139', 1, 1.00, 65.00, 51.60, 65.00, 0.00, 0.00, 0.00, 0.00, 0.00, '', 1, '2016-10-13 14:15:01', '0000-00-00 00:00:00'),
(19, 19, 0, '2016-10-02', '', '', 0, 0.00, 0.00, 0.00, 0.00, 25.00, 0.00, 1.00, 0.00, 25.00, '', 1, '2016-10-13 14:21:17', '0000-00-00 00:00:00'),
(20, 0, 19, '2016-10-02', '', '00526', 5, 1.00, 25.00, 15.00, 25.00, 0.00, 0.00, 0.00, 0.00, 0.00, '', 1, '2016-10-13 14:21:17', '0000-00-00 00:00:00'),
(21, 21, 0, '2016-10-02', '', '', 0, 0.00, 0.00, 0.00, 0.00, 65.00, 0.00, 1.00, 0.00, 65.00, '', 1, '2016-10-13 14:33:11', '0000-00-00 00:00:00'),
(22, 0, 21, '2016-10-02', '', '00526', 5, 1.00, 25.00, 15.00, 25.00, 0.00, 0.00, 0.00, 0.00, 0.00, '', 1, '2016-10-13 14:33:11', '0000-00-00 00:00:00'),
(23, 0, 21, '2016-10-02', '', '0011', 1, 1.00, 40.00, 32.00, 40.00, 0.00, 0.00, 0.00, 0.00, 0.00, '', 1, '2016-10-13 14:33:12', '0000-00-00 00:00:00'),
(24, 24, 0, '2016-10-02', '', '', 0, 0.00, 0.00, 0.00, 0.00, 430.00, 0.00, 1.00, 0.00, 430.00, '', 1, '2016-10-13 14:35:20', '0000-00-00 00:00:00'),
(25, 0, 24, '2016-10-02', '', '00666', 6, 2.00, 10.00, 0.16, 20.00, 0.00, 0.00, 0.00, 0.00, 0.00, '', 1, '2016-10-13 14:35:20', '0000-00-00 00:00:00'),
(26, 0, 24, '2016-10-02', '', '00535', 5, 1.00, 90.00, 67.00, 90.00, 0.00, 0.00, 0.00, 0.00, 0.00, '', 1, '2016-10-13 14:35:20', '0000-00-00 00:00:00'),
(27, 0, 24, '2016-10-02', '', '00136', 5, 2.00, 125.00, 85.00, 250.00, 0.00, 0.00, 0.00, 0.00, 0.00, '', 1, '2016-10-13 14:35:20', '0000-00-00 00:00:00'),
(28, 0, 24, '2016-10-02', '', '00414', 4, 1.00, 20.00, 13.00, 20.00, 0.00, 0.00, 0.00, 0.00, 0.00, '', 1, '2016-10-13 14:35:20', '0000-00-00 00:00:00'),
(29, 0, 24, '2016-10-02', '', '00527', 5, 2.00, 25.00, 10.00, 50.00, 0.00, 0.00, 0.00, 0.00, 0.00, '', 1, '2016-10-13 14:35:20', '0000-00-00 00:00:00'),
(30, 30, 0, '2016-10-03', '', '', 0, 0.00, 0.00, 0.00, 0.00, 50.00, 0.00, 1.00, 0.00, 50.00, '', 1, '2016-10-13 14:47:13', '0000-00-00 00:00:00'),
(31, 0, 30, '2016-10-03', '', '0064', 7, 1.00, 35.00, 18.00, 35.00, 0.00, 0.00, 0.00, 0.00, 0.00, '', 1, '2016-10-13 14:47:13', '0000-00-00 00:00:00'),
(32, 0, 30, '2016-10-03', '', '00523', 5, 1.00, 15.00, 10.00, 15.00, 0.00, 0.00, 0.00, 0.00, 0.00, '', 1, '2016-10-13 14:47:13', '0000-00-00 00:00:00'),
(33, 33, 0, '2016-10-04', '', '', 0, 0.00, 0.00, 0.00, 0.00, 135.00, 0.00, 1.00, 0.00, 135.00, '', 1, '2016-10-13 14:52:06', '0000-00-00 00:00:00'),
(34, 0, 33, '2016-10-04', '', '00535', 5, 1.00, 90.00, 67.00, 90.00, 0.00, 0.00, 0.00, 0.00, 0.00, '', 1, '2016-10-13 14:52:06', '0000-00-00 00:00:00'),
(35, 0, 33, '2016-10-04', '', '00523', 5, 1.00, 15.00, 10.00, 15.00, 0.00, 0.00, 0.00, 0.00, 0.00, '', 1, '2016-10-13 14:52:06', '0000-00-00 00:00:00'),
(36, 0, 33, '2016-10-04', '', '00534', 5, 1.00, 30.00, 18.00, 30.00, 0.00, 0.00, 0.00, 0.00, 0.00, '', 1, '2016-10-13 14:52:06', '0000-00-00 00:00:00'),
(38, 0, 37, '0000-00-00', '', '00658', 6, 1.00, 10.00, 0.86, 10.00, 0.00, 0.00, 0.00, 0.00, 0.00, '', 1, '2016-10-13 15:09:42', '0000-00-00 00:00:00'),
(39, 0, 37, '0000-00-00', '', '00666', 6, 2.00, 10.00, 0.16, 20.00, 0.00, 0.00, 0.00, 0.00, 0.00, '', 1, '2016-10-13 15:09:42', '0000-00-00 00:00:00'),
(40, 0, 37, '0000-00-00', '', '00534', 5, 1.00, 30.00, 18.00, 30.00, 0.00, 0.00, 0.00, 0.00, 0.00, '', 1, '2016-10-13 15:09:42', '0000-00-00 00:00:00'),
(41, 0, 37, '0000-00-00', '', '00411', 4, 1.00, 55.00, 33.75, 55.00, 0.00, 0.00, 0.00, 0.00, 0.00, '', 1, '2016-10-13 15:09:42', '0000-00-00 00:00:00'),
(42, 0, 37, '0000-00-00', '', '00136', 5, 1.00, 125.00, 85.00, 125.00, 0.00, 0.00, 0.00, 0.00, 0.00, '', 1, '2016-10-13 15:09:42', '0000-00-00 00:00:00'),
(43, 0, 37, '0000-00-00', '', '00414', 4, 1.00, 20.00, 13.00, 20.00, 0.00, 0.00, 0.00, 0.00, 0.00, '', 1, '2016-10-13 15:09:42', '0000-00-00 00:00:00'),
(44, 0, 37, '0000-00-00', '', '00412', 4, 1.00, 60.00, 37.50, 60.00, 0.00, 0.00, 0.00, 0.00, 0.00, '', 1, '2016-10-13 15:09:43', '0000-00-00 00:00:00'),
(45, 0, 37, '0000-00-00', '', '00538', 5, 1.00, 60.00, 41.60, 60.00, 0.00, 0.00, 0.00, 0.00, 0.00, '', 1, '2016-10-13 15:09:43', '0000-00-00 00:00:00'),
(46, 46, 0, '2016-10-05', '', '', 0, 0.00, 0.00, 0.00, 0.00, 625.00, 5.00, 1.00, 0.00, 620.00, '', 1, '2016-10-13 15:15:56', '0000-00-00 00:00:00'),
(47, 0, 46, '2016-10-05', '', '00658', 6, 1.00, 10.00, 0.86, 10.00, 0.00, 0.00, 0.00, 0.00, 0.00, '', 1, '2016-10-13 15:15:56', '0000-00-00 00:00:00'),
(48, 0, 46, '2016-10-05', '', '00666', 6, 2.00, 10.00, 0.16, 20.00, 0.00, 0.00, 0.00, 0.00, 0.00, '', 1, '2016-10-13 15:15:56', '0000-00-00 00:00:00'),
(49, 0, 46, '2016-10-05', '', '00534', 5, 1.00, 30.00, 18.00, 30.00, 0.00, 0.00, 0.00, 0.00, 0.00, '', 1, '2016-10-13 15:15:56', '0000-00-00 00:00:00'),
(50, 0, 46, '2016-10-05', '', '00411', 4, 1.00, 55.00, 33.75, 55.00, 0.00, 0.00, 0.00, 0.00, 0.00, '', 1, '2016-10-13 15:15:57', '0000-00-00 00:00:00'),
(51, 0, 46, '2016-10-05', '', '00136', 5, 1.00, 125.00, 85.00, 125.00, 0.00, 0.00, 0.00, 0.00, 0.00, '', 1, '2016-10-13 15:15:57', '0000-00-00 00:00:00'),
(52, 0, 46, '2016-10-05', '', '00538', 5, 1.00, 60.00, 41.60, 60.00, 0.00, 0.00, 0.00, 0.00, 0.00, '', 1, '2016-10-13 15:15:57', '0000-00-00 00:00:00'),
(53, 0, 46, '2016-10-05', '', '00414', 4, 1.00, 20.00, 13.00, 20.00, 0.00, 0.00, 0.00, 0.00, 0.00, '', 1, '2016-10-13 15:15:57', '0000-00-00 00:00:00'),
(54, 0, 46, '2016-10-05', '', '00412', 4, 1.00, 60.00, 37.50, 60.00, 0.00, 0.00, 0.00, 0.00, 0.00, '', 1, '2016-10-13 15:15:57', '0000-00-00 00:00:00'),
(55, 0, 46, '2016-10-05', '', '00526', 5, 1.00, 25.00, 15.00, 25.00, 0.00, 0.00, 0.00, 0.00, 0.00, '', 1, '2016-10-13 15:15:57', '0000-00-00 00:00:00'),
(56, 0, 46, '2016-10-05', '', '00527', 5, 4.00, 25.00, 10.00, 100.00, 0.00, 0.00, 0.00, 0.00, 0.00, '', 1, '2016-10-13 15:15:57', '0000-00-00 00:00:00'),
(57, 0, 46, '2016-10-05', '', '00545', 5, 1.00, 120.00, 90.00, 120.00, 0.00, 0.00, 0.00, 0.00, 0.00, '', 1, '2016-10-13 15:15:57', '0000-00-00 00:00:00'),
(58, 58, 0, '2016-10-06', '', '', 0, 0.00, 0.00, 0.00, 0.00, 141.50, 1.50, 1.00, 0.00, 140.00, '', 1, '2016-10-13 15:25:51', '0000-00-00 00:00:00'),
(59, 0, 58, '2016-10-06', '', '00660', 6, 3.00, 5.00, 0.16, 15.00, 0.00, 0.00, 0.00, 0.00, 0.00, '', 1, '2016-10-13 15:25:51', '0000-00-00 00:00:00'),
(60, 0, 58, '2016-10-06', '', '00147', 1, 1.00, 35.00, 26.50, 35.00, 0.00, 0.00, 0.00, 0.00, 0.00, '', 1, '2016-10-13 15:25:51', '0000-00-00 00:00:00'),
(61, 0, 58, '2016-10-06', '', '00668', 6, 1.00, 10.00, 1.20, 10.00, 0.00, 0.00, 0.00, 0.00, 0.00, '', 1, '2016-10-13 15:25:51', '0000-00-00 00:00:00'),
(62, 0, 58, '2016-10-06', '', '00526', 5, 1.00, 25.00, 15.00, 25.00, 0.00, 0.00, 0.00, 0.00, 0.00, '', 1, '2016-10-13 15:25:52', '0000-00-00 00:00:00'),
(63, 0, 58, '2016-10-06', '', '0016', 1, 1.00, 56.50, 49.50, 56.50, 0.00, 0.00, 0.00, 0.00, 0.00, '', 1, '2016-10-13 15:25:52', '0000-00-00 00:00:00'),
(64, 64, 0, '2016-10-08', '', '', 0, 0.00, 0.00, 0.00, 0.00, 70.00, 0.00, 1.00, 0.00, 70.00, '', 1, '2016-10-13 21:22:30', '0000-00-00 00:00:00'),
(65, 0, 64, '2016-10-08', '', '00410', 4, 1.00, 40.00, 22.50, 40.00, 0.00, 0.00, 0.00, 0.00, 0.00, '', 1, '2016-10-13 21:22:30', '0000-00-00 00:00:00'),
(66, 0, 64, '2016-10-08', '', '00534', 5, 1.00, 30.00, 18.00, 30.00, 0.00, 0.00, 0.00, 0.00, 0.00, '', 1, '2016-10-13 21:22:30', '0000-00-00 00:00:00'),
(67, 67, 0, '2016-10-08', '', '', 0, 0.00, 0.00, 0.00, 0.00, 195.00, 5.00, 1.00, 0.00, 190.00, '', 1, '2016-10-13 21:31:44', '0000-00-00 00:00:00'),
(68, 0, 67, '2016-10-08', '', '00526', 5, 1.00, 25.00, 15.00, 25.00, 0.00, 0.00, 0.00, 0.00, 0.00, '', 1, '2016-10-13 21:31:44', '0000-00-00 00:00:00'),
(69, 0, 67, '2016-10-08', '', '00538', 5, 1.00, 60.00, 41.60, 60.00, 0.00, 0.00, 0.00, 0.00, 0.00, '', 1, '2016-10-13 21:31:44', '0000-00-00 00:00:00'),
(70, 0, 67, '2016-10-08', '', '00523', 5, 1.00, 15.00, 10.00, 15.00, 0.00, 0.00, 0.00, 0.00, 0.00, '', 1, '2016-10-13 21:31:44', '0000-00-00 00:00:00'),
(71, 0, 67, '2016-10-08', '', '00526', 5, 1.00, 25.00, 15.00, 25.00, 0.00, 0.00, 0.00, 0.00, 0.00, '', 1, '2016-10-13 21:31:44', '0000-00-00 00:00:00'),
(72, 0, 67, '2016-10-08', '', '00658', 6, 1.00, 10.00, 0.86, 10.00, 0.00, 0.00, 0.00, 0.00, 0.00, '', 1, '2016-10-13 21:31:44', '0000-00-00 00:00:00'),
(73, 0, 67, '2016-10-08', '', '00666', 6, 1.00, 10.00, 0.16, 10.00, 0.00, 0.00, 0.00, 0.00, 0.00, '', 1, '2016-10-13 21:31:44', '0000-00-00 00:00:00'),
(74, 0, 67, '2016-10-08', '', '00646', 6, 1.00, 15.00, 6.00, 15.00, 0.00, 0.00, 0.00, 0.00, 0.00, '', 1, '2016-10-13 21:31:44', '0000-00-00 00:00:00'),
(75, 0, 67, '2016-10-08', '', '00147', 1, 1.00, 35.00, 26.50, 35.00, 0.00, 0.00, 0.00, 0.00, 0.00, '', 1, '2016-10-13 21:31:45', '0000-00-00 00:00:00'),
(76, 76, 0, '2016-10-09', '', '', 0, 0.00, 0.00, 0.00, 0.00, 360.00, 5.00, 1.00, 0.00, 355.00, '', 1, '2016-10-13 21:59:08', '0000-00-00 00:00:00'),
(77, 0, 76, '2016-10-09', '', '00414', 4, 2.00, 20.00, 13.00, 40.00, 0.00, 0.00, 0.00, 0.00, 0.00, '', 1, '2016-10-13 21:59:08', '0000-00-00 00:00:00'),
(78, 0, 76, '2016-10-09', '', '00666', 6, 2.00, 10.00, 0.16, 20.00, 0.00, 0.00, 0.00, 0.00, 0.00, '', 1, '2016-10-13 21:59:08', '0000-00-00 00:00:00'),
(79, 0, 76, '2016-10-09', '', '00523', 5, 3.00, 15.00, 10.00, 45.00, 0.00, 0.00, 0.00, 0.00, 0.00, '', 1, '2016-10-13 21:59:08', '0000-00-00 00:00:00'),
(80, 0, 76, '2016-10-09', '', '00526', 5, 2.00, 25.00, 15.00, 50.00, 0.00, 0.00, 0.00, 0.00, 0.00, '', 1, '2016-10-13 21:59:08', '0000-00-00 00:00:00'),
(81, 0, 76, '2016-10-09', '', '00527', 5, 1.00, 25.00, 10.00, 25.00, 0.00, 0.00, 0.00, 0.00, 0.00, '', 1, '2016-10-13 21:59:09', '0000-00-00 00:00:00'),
(82, 0, 76, '2016-10-09', '', '00453', 4, 20.00, 2.00, 0.50, 40.00, 0.00, 0.00, 0.00, 0.00, 0.00, '', 1, '2016-10-13 21:59:09', '0000-00-00 00:00:00'),
(83, 0, 76, '2016-10-09', '', '00154', 1, 20.00, 2.00, 0.62, 40.00, 0.00, 0.00, 0.00, 0.00, 0.00, '', 1, '2016-10-13 21:59:09', '0000-00-00 00:00:00'),
(84, 0, 76, '2016-10-09', '', '00412', 4, 1.00, 60.00, 37.50, 60.00, 0.00, 0.00, 0.00, 0.00, 0.00, '', 1, '2016-10-13 21:59:09', '0000-00-00 00:00:00'),
(85, 0, 76, '2016-10-09', '', '0011', 1, 1.00, 40.00, 32.00, 40.00, 0.00, 0.00, 0.00, 0.00, 0.00, '', 1, '2016-10-13 21:59:09', '0000-00-00 00:00:00'),
(86, 86, 0, '2016-10-09', '', '', 0, 0.00, 0.00, 0.00, 0.00, 40.00, 0.00, 1.00, 0.00, 40.00, '', 1, '2016-10-13 22:04:02', '0000-00-00 00:00:00'),
(87, 0, 86, '2016-10-09', '', '0011', 1, 1.00, 40.00, 32.00, 40.00, 0.00, 0.00, 0.00, 0.00, 0.00, '', 1, '2016-10-13 22:04:02', '0000-00-00 00:00:00'),
(88, 88, 0, '2016-10-10', '', '', 0, 0.00, 0.00, 0.00, 0.00, 285.00, 5.00, 1.00, 0.00, 280.00, '', 1, '2016-10-13 22:46:15', '0000-00-00 00:00:00'),
(89, 0, 88, '2016-10-10', '', '00660', 6, 2.00, 5.00, 0.16, 10.00, 0.00, 0.00, 0.00, 0.00, 0.00, '', 1, '2016-10-13 22:46:15', '0000-00-00 00:00:00'),
(90, 0, 88, '2016-10-10', '', '00659', 6, 1.00, 15.00, 3.50, 15.00, 0.00, 0.00, 0.00, 0.00, 0.00, '', 1, '2016-10-13 22:46:15', '0000-00-00 00:00:00'),
(91, 0, 88, '2016-10-10', '', '00646', 6, 1.00, 15.00, 6.00, 15.00, 0.00, 0.00, 0.00, 0.00, 0.00, '', 1, '2016-10-13 22:46:16', '0000-00-00 00:00:00'),
(92, 0, 88, '2016-10-10', '', '00526', 5, 1.00, 25.00, 15.00, 25.00, 0.00, 0.00, 0.00, 0.00, 0.00, '', 1, '2016-10-13 22:46:16', '0000-00-00 00:00:00'),
(93, 0, 88, '2016-10-10', '', '00543', 5, 1.00, 60.00, 40.00, 60.00, 0.00, 0.00, 0.00, 0.00, 0.00, '', 1, '2016-10-13 22:46:16', '0000-00-00 00:00:00'),
(94, 0, 88, '2016-10-10', '', '00148', 1, 1.00, 10.00, 2.50, 10.00, 0.00, 0.00, 0.00, 0.00, 0.00, '', 1, '2016-10-13 22:46:16', '0000-00-00 00:00:00'),
(95, 0, 88, '2016-10-10', '', '00320', 3, 1.00, 125.00, 75.00, 125.00, 0.00, 0.00, 0.00, 0.00, 0.00, '', 1, '2016-10-13 22:46:16', '0000-00-00 00:00:00'),
(96, 0, 88, '2016-10-10', '', '00527', 5, 1.00, 25.00, 10.00, 25.00, 0.00, 0.00, 0.00, 0.00, 0.00, '', 1, '2016-10-13 22:46:16', '0000-00-00 00:00:00'),
(98, 0, 97, '0000-00-00', '', '0011', 1, 1.00, 40.00, 32.00, 40.00, 0.00, 0.00, 0.00, 0.00, 0.00, '', 1, '2016-10-14 13:59:36', '0000-00-00 00:00:00'),
(99, 0, 97, '0000-00-00', '', '00666', 6, 3.00, 10.00, 0.16, 30.00, 0.00, 0.00, 0.00, 0.00, 0.00, '', 1, '2016-10-14 13:59:37', '0000-00-00 00:00:00'),
(100, 100, 0, '2016-10-11', '', '', 0, 0.00, 0.00, 0.00, 0.00, 70.00, 0.00, 1.00, 0.00, 70.00, '', 1, '2016-10-14 14:03:12', '0000-00-00 00:00:00'),
(101, 0, 100, '2016-10-11', '', '0011', 1, 1.00, 40.00, 32.00, 40.00, 0.00, 0.00, 0.00, 0.00, 0.00, '', 1, '2016-10-14 14:03:12', '0000-00-00 00:00:00'),
(102, 0, 100, '2016-10-11', '', '00666', 6, 3.00, 10.00, 0.16, 30.00, 0.00, 0.00, 0.00, 0.00, 0.00, '', 1, '2016-10-14 14:03:12', '0000-00-00 00:00:00'),
(103, 103, 0, '2016-10-12', '', '', 0, 0.00, 0.00, 0.00, 0.00, 415.00, 0.00, 1.00, 0.00, 415.00, '', 1, '2016-10-14 14:09:21', '0000-00-00 00:00:00'),
(104, 0, 103, '2016-10-12', '', '0013', 1, 1.00, 120.00, 96.00, 120.00, 0.00, 0.00, 0.00, 0.00, 0.00, '', 1, '2016-10-14 14:09:21', '0000-00-00 00:00:00'),
(105, 0, 103, '2016-10-12', '', '00527', 5, 3.00, 25.00, 10.00, 75.00, 0.00, 0.00, 0.00, 0.00, 0.00, '', 1, '2016-10-14 14:09:21', '0000-00-00 00:00:00'),
(106, 0, 103, '2016-10-12', '', '00545', 5, 1.00, 120.00, 90.00, 120.00, 0.00, 0.00, 0.00, 0.00, 0.00, '', 1, '2016-10-14 14:09:21', '0000-00-00 00:00:00'),
(107, 0, 103, '2016-10-12', '', '00535', 5, 1.00, 90.00, 67.00, 90.00, 0.00, 0.00, 0.00, 0.00, 0.00, '', 1, '2016-10-14 14:09:21', '0000-00-00 00:00:00'),
(108, 0, 103, '2016-10-12', '', '00657', 6, 1.00, 10.00, 1.57, 10.00, 0.00, 0.00, 0.00, 0.00, 0.00, '', 1, '2016-10-14 14:09:21', '0000-00-00 00:00:00'),
(109, 109, 0, '2016-10-13', '', '', 0, 0.00, 0.00, 0.00, 0.00, 225.00, 0.00, 1.00, 0.00, 225.00, '', 1, '2016-10-14 14:17:11', '0000-00-00 00:00:00'),
(110, 0, 109, '2016-10-13', '', '00527', 5, 1.00, 25.00, 10.00, 25.00, 0.00, 0.00, 0.00, 0.00, 0.00, '', 1, '2016-10-14 14:17:11', '0000-00-00 00:00:00'),
(111, 0, 109, '2016-10-13', '', '00139', 1, 1.00, 65.00, 51.60, 65.00, 0.00, 0.00, 0.00, 0.00, 0.00, '', 1, '2016-10-14 14:17:11', '0000-00-00 00:00:00'),
(112, 0, 109, '2016-10-13', '', '00666', 6, 1.00, 10.00, 0.16, 10.00, 0.00, 0.00, 0.00, 0.00, 0.00, '', 1, '2016-10-14 14:17:11', '0000-00-00 00:00:00'),
(113, 0, 109, '2016-10-13', '', '00658', 6, 1.00, 10.00, 0.86, 10.00, 0.00, 0.00, 0.00, 0.00, 0.00, '', 1, '2016-10-14 14:17:11', '0000-00-00 00:00:00'),
(114, 0, 109, '2016-10-13', '', '0012', 1, 1.00, 115.00, 92.00, 115.00, 0.00, 0.00, 0.00, 0.00, 0.00, '', 1, '2016-10-14 14:17:11', '0000-00-00 00:00:00'),
(115, 115, 0, '2016-10-13', '', '', 0, 0.00, 0.00, 0.00, 0.00, 65.00, 0.00, 1.00, 0.00, 65.00, '', 1, '2016-10-14 14:34:19', '0000-00-00 00:00:00'),
(116, 0, 115, '2016-10-13', '', '00469', 4, 1.00, 65.00, 35.00, 65.00, 0.00, 0.00, 0.00, 0.00, 0.00, '', 1, '2016-10-14 14:34:19', '0000-00-00 00:00:00'),
(117, 117, 0, '2016-10-15', '', '', 0, 0.00, 0.00, 0.00, 0.00, 30.00, 0.00, 1.00, 0.00, 30.00, '', 1, '2016-10-15 21:41:38', '0000-00-00 00:00:00'),
(118, 0, 117, '2016-10-15', '', '00534', 5, 1.00, 30.00, 18.00, 30.00, 0.00, 0.00, 0.00, 0.00, 0.00, '', 1, '2016-10-15 21:41:38', '0000-00-00 00:00:00'),
(119, 119, 0, '2016-10-15', '', '', 0, 0.00, 0.00, 0.00, 0.00, 165.50, 0.00, 1.00, 0.00, 165.50, '', 1, '2016-10-15 21:56:53', '0000-00-00 00:00:00'),
(120, 0, 119, '2016-10-15', '', '00733', 7, 1.00, 20.00, 12.00, 20.00, 0.00, 0.00, 0.00, 0.00, 0.00, '', 1, '2016-10-15 21:56:53', '0000-00-00 00:00:00'),
(121, 0, 119, '2016-10-15', '', '00527', 5, 3.00, 25.00, 10.00, 75.00, 0.00, 0.00, 0.00, 0.00, 0.00, '', 1, '2016-10-15 21:56:53', '0000-00-00 00:00:00'),
(122, 0, 119, '2016-10-15', '', '00658', 6, 1.00, 10.00, 0.86, 10.00, 0.00, 0.00, 0.00, 0.00, 0.00, '', 1, '2016-10-15 21:56:53', '0000-00-00 00:00:00'),
(123, 0, 119, '2016-10-15', '', '00155', 1, 1.00, 2.00, 0.50, 2.00, 0.00, 0.00, 0.00, 0.00, 0.00, '', 1, '2016-10-15 21:56:53', '0000-00-00 00:00:00'),
(124, 0, 119, '2016-10-15', '', '00453', 4, 1.00, 2.00, 0.50, 2.00, 0.00, 0.00, 0.00, 0.00, 0.00, '', 1, '2016-10-15 21:56:54', '0000-00-00 00:00:00'),
(125, 0, 119, '2016-10-15', '', '0016', 1, 1.00, 56.50, 49.50, 56.50, 0.00, 0.00, 0.00, 0.00, 0.00, '', 1, '2016-10-15 21:56:54', '0000-00-00 00:00:00'),
(126, 126, 0, '2016-10-16', '', '', 0, 0.00, 0.00, 0.00, 0.00, 50.00, 0.00, 1.00, 0.00, 50.00, '', 1, '2016-10-16 20:33:13', '0000-00-00 00:00:00'),
(127, 0, 126, '2016-10-16', '', '00374', 3, 1.00, 50.00, 35.00, 50.00, 0.00, 0.00, 0.00, 0.00, 0.00, '', 1, '2016-10-16 20:33:13', '0000-00-00 00:00:00'),
(128, 128, 0, '2016-10-16', '', '', 0, 0.00, 0.00, 0.00, 0.00, 5.00, 0.00, 1.00, 0.00, 5.00, '', 1, '2016-10-16 20:40:35', '0000-00-00 00:00:00'),
(129, 0, 128, '2016-10-16', '', '00660', 6, 1.00, 5.00, 0.16, 5.00, 0.00, 0.00, 0.00, 0.00, 0.00, '', 1, '2016-10-16 20:40:35', '0000-00-00 00:00:00'),
(130, 130, 0, '2016-10-16', '', '', 0, 0.00, 0.00, 0.00, 0.00, 10.00, 5.00, 1.00, 0.00, 5.00, '', 1, '2016-10-16 20:41:26', '0000-00-00 00:00:00'),
(131, 0, 130, '2016-10-16', '', '00668', 6, 1.00, 10.00, 1.20, 10.00, 0.00, 0.00, 0.00, 0.00, 0.00, '', 1, '2016-10-16 20:41:26', '0000-00-00 00:00:00'),
(132, 132, 0, '2016-10-16', '', '', 0, 0.00, 0.00, 0.00, 0.00, 35.00, 0.00, 1.00, 0.00, 35.00, '', 1, '2016-10-16 20:41:55', '0000-00-00 00:00:00'),
(133, 0, 132, '2016-10-16', '', '00147', 1, 1.00, 35.00, 26.50, 35.00, 0.00, 0.00, 0.00, 0.00, 0.00, '', 1, '2016-10-16 20:41:55', '0000-00-00 00:00:00'),
(134, 134, 0, '2016-10-17', '', '', 0, 0.00, 0.00, 0.00, 0.00, 25.00, 0.00, 1.00, 0.00, 25.00, '', 4, '2016-10-17 17:06:25', '0000-00-00 00:00:00'),
(135, 0, 134, '2016-10-17', '', '00527', 5, 1.00, 25.00, 10.00, 25.00, 0.00, 0.00, 0.00, 0.00, 0.00, '', 4, '2016-10-17 17:06:25', '0000-00-00 00:00:00'),
(136, 136, 0, '2016-10-17', '', '', 0, 0.00, 0.00, 0.00, 0.00, 90.00, 0.00, 1.00, 0.00, 90.00, '', 4, '2016-10-17 17:06:34', '0000-00-00 00:00:00'),
(137, 0, 136, '2016-10-17', '', '00535', 5, 1.00, 90.00, 67.00, 90.00, 0.00, 0.00, 0.00, 0.00, 0.00, '', 4, '2016-10-17 17:06:34', '0000-00-00 00:00:00'),
(138, 138, 0, '2016-10-17', '', '', 0, 0.00, 0.00, 0.00, 0.00, 30.00, 0.00, 1.00, 0.00, 30.00, '', 4, '2016-10-17 17:22:58', '0000-00-00 00:00:00'),
(139, 0, 138, '2016-10-17', '', '00522', 5, 2.00, 15.00, 7.50, 30.00, 0.00, 0.00, 0.00, 0.00, 0.00, '', 4, '2016-10-17 17:22:58', '0000-00-00 00:00:00'),
(140, 140, 0, '2016-10-17', '', '', 0, 0.00, 0.00, 0.00, 0.00, 100.00, 0.00, 1.00, 0.00, 100.00, '', 4, '2016-10-17 17:23:14', '0000-00-00 00:00:00'),
(141, 0, 140, '2016-10-17', '', '00527', 5, 4.00, 25.00, 10.00, 100.00, 0.00, 0.00, 0.00, 0.00, 0.00, '', 4, '2016-10-17 17:23:14', '0000-00-00 00:00:00'),
(142, 142, 0, '2016-10-17', '', '', 0, 0.00, 0.00, 0.00, 0.00, 45.00, 0.00, 1.00, 0.00, 45.00, '', 4, '2016-10-17 17:25:31', '0000-00-00 00:00:00'),
(143, 0, 142, '2016-10-17', '', '00415', 4, 1.00, 45.00, 25.00, 45.00, 0.00, 0.00, 0.00, 0.00, 0.00, '', 4, '2016-10-17 17:25:31', '0000-00-00 00:00:00'),
(144, 144, 0, '2016-10-17', '', '', 0, 0.00, 0.00, 0.00, 0.00, 45.00, 0.00, 1.00, 0.00, 45.00, '', 4, '2016-10-17 18:37:22', '0000-00-00 00:00:00'),
(145, 0, 144, '2016-10-17', '', '00527', 5, 1.00, 25.00, 10.00, 25.00, 0.00, 0.00, 0.00, 0.00, 0.00, '', 4, '2016-10-17 18:37:22', '0000-00-00 00:00:00'),
(146, 0, 144, '2016-10-17', '', '00733', 7, 1.00, 20.00, 12.00, 20.00, 0.00, 0.00, 0.00, 0.00, 0.00, '', 4, '2016-10-17 18:37:22', '0000-00-00 00:00:00'),
(147, 147, 0, '2016-10-17', '', '', 0, 0.00, 0.00, 0.00, 0.00, 90.00, 0.00, 1.00, 0.00, 90.00, '', 4, '2016-10-17 19:39:39', '0000-00-00 00:00:00'),
(148, 0, 147, '2016-10-17', '', '00527', 5, 1.00, 25.00, 10.00, 25.00, 0.00, 0.00, 0.00, 0.00, 0.00, '', 4, '2016-10-17 19:39:39', '0000-00-00 00:00:00'),
(149, 0, 147, '2016-10-17', '', '00139', 1, 1.00, 65.00, 51.60, 65.00, 0.00, 0.00, 0.00, 0.00, 0.00, '', 4, '2016-10-17 19:39:39', '0000-00-00 00:00:00'),
(150, 150, 0, '2016-10-18', '', '', 0, 0.00, 0.00, 0.00, 0.00, 445.00, 0.00, 1.00, 0.00, 445.00, '', 4, '2016-10-18 17:19:35', '0000-00-00 00:00:00'),
(151, 0, 150, '2016-10-18', '', '00136', 5, 1.00, 125.00, 85.00, 125.00, 0.00, 0.00, 0.00, 0.00, 0.00, '', 4, '2016-10-18 17:19:36', '0000-00-00 00:00:00'),
(152, 0, 150, '2016-10-18', '', '00526', 5, 4.00, 25.00, 15.00, 100.00, 0.00, 0.00, 0.00, 0.00, 0.00, '', 4, '2016-10-18 17:19:36', '0000-00-00 00:00:00'),
(153, 0, 150, '2016-10-18', '', '00141', 1, 1.00, 100.00, 81.60, 100.00, 0.00, 0.00, 0.00, 0.00, 0.00, '', 4, '2016-10-18 17:19:36', '0000-00-00 00:00:00'),
(154, 0, 150, '2016-10-18', '', '00545', 5, 1.00, 120.00, 90.00, 120.00, 0.00, 0.00, 0.00, 0.00, 0.00, '', 4, '2016-10-18 17:19:36', '0000-00-00 00:00:00'),
(155, 155, 0, '2016-10-18', '', '', 0, 0.00, 0.00, 0.00, 0.00, 100.00, 0.00, 1.00, 0.00, 100.00, '', 4, '2016-10-18 17:22:33', '0000-00-00 00:00:00'),
(156, 0, 155, '2016-10-18', '', '00413', 4, 1.00, 100.00, 67.50, 100.00, 0.00, 0.00, 0.00, 0.00, 0.00, '', 4, '2016-10-18 17:22:33', '0000-00-00 00:00:00'),
(157, 157, 0, '2016-10-18', '', '', 0, 0.00, 0.00, 0.00, 0.00, 20.00, 0.00, 1.00, 0.00, 20.00, '', 4, '2016-10-18 18:15:30', '0000-00-00 00:00:00'),
(158, 0, 157, '2016-10-18', '', '00660', 6, 2.00, 5.00, 0.16, 10.00, 0.00, 0.00, 0.00, 0.00, 0.00, '', 4, '2016-10-18 18:15:30', '0000-00-00 00:00:00'),
(159, 0, 157, '2016-10-18', '', '00668', 6, 1.00, 10.00, 1.20, 10.00, 0.00, 0.00, 0.00, 0.00, 0.00, '', 4, '2016-10-18 18:15:30', '0000-00-00 00:00:00'),
(160, 160, 0, '2016-10-18', '', '', 0, 0.00, 0.00, 0.00, 0.00, 15.00, 0.00, 1.00, 0.00, 15.00, '', 4, '2016-10-18 19:30:04', '0000-00-00 00:00:00'),
(161, 0, 160, '2016-10-18', '', '00646', 6, 1.00, 15.00, 6.00, 15.00, 0.00, 0.00, 0.00, 0.00, 0.00, '', 4, '2016-10-18 19:30:05', '0000-00-00 00:00:00'),
(162, 162, 0, '2016-10-18', '', '', 0, 0.00, 0.00, 0.00, 0.00, 80.00, 0.00, 1.00, 0.00, 80.00, '', 4, '2016-10-18 19:32:01', '0000-00-00 00:00:00'),
(163, 0, 162, '2016-10-18', '', '00526', 5, 1.00, 25.00, 15.00, 25.00, 0.00, 0.00, 0.00, 0.00, 0.00, '', 4, '2016-10-18 19:32:01', '0000-00-00 00:00:00'),
(164, 0, 162, '2016-10-18', '', '00522', 5, 1.00, 15.00, 7.50, 15.00, 0.00, 0.00, 0.00, 0.00, 0.00, '', 4, '2016-10-18 19:32:01', '0000-00-00 00:00:00'),
(165, 0, 162, '2016-10-18', '', '00410', 4, 1.00, 40.00, 22.50, 40.00, 0.00, 0.00, 0.00, 0.00, 0.00, '', 4, '2016-10-18 19:32:01', '0000-00-00 00:00:00'),
(166, 166, 0, '2016-10-18', '', '', 0, 0.00, 0.00, 0.00, 0.00, 40.00, 0.00, 1.00, 0.00, 40.00, '', 4, '2016-10-18 20:04:59', '0000-00-00 00:00:00'),
(167, 0, 166, '2016-10-18', '', '0014', 1, 1.00, 40.00, 32.00, 40.00, 0.00, 0.00, 0.00, 0.00, 0.00, '', 4, '2016-10-18 20:04:59', '0000-00-00 00:00:00'),
(168, 168, 0, '2016-10-19', '', '', 0, 0.00, 0.00, 0.00, 0.00, 10.00, 0.00, 1.00, 0.00, 10.00, '', 4, '2016-10-19 19:22:16', '0000-00-00 00:00:00'),
(169, 0, 168, '2016-10-19', '', '00453', 4, 5.00, 2.00, 0.50, 10.00, 0.00, 0.00, 0.00, 0.00, 0.00, '', 4, '2016-10-19 19:22:16', '0000-00-00 00:00:00'),
(170, 170, 0, '2016-10-19', '', '', 0, 0.00, 0.00, 0.00, 0.00, 250.00, 0.00, 1.00, 0.00, 250.00, '', 5, '2016-10-19 22:48:41', '0000-00-00 00:00:00'),
(171, 0, 170, '2016-10-19', '', '00136', 5, 2.00, 125.00, 85.00, 250.00, 0.00, 0.00, 0.00, 0.00, 0.00, '', 5, '2016-10-19 22:48:41', '0000-00-00 00:00:00'),
(172, 172, 0, '2016-10-19', '', '', 0, 0.00, 0.00, 0.00, 0.00, 40.00, 0.00, 1.00, 0.00, 40.00, '', 5, '2016-10-19 22:49:26', '0000-00-00 00:00:00'),
(173, 0, 172, '2016-10-19', '', '00522', 5, 1.00, 15.00, 7.50, 15.00, 0.00, 0.00, 0.00, 0.00, 0.00, '', 5, '2016-10-19 22:49:26', '0000-00-00 00:00:00'),
(174, 0, 172, '2016-10-19', '', '00527', 5, 1.00, 25.00, 10.00, 25.00, 0.00, 0.00, 0.00, 0.00, 0.00, '', 5, '2016-10-19 22:49:26', '0000-00-00 00:00:00'),
(175, 175, 0, '2016-10-20', '', '', 0, 0.00, 0.00, 0.00, 0.00, 0.00, 0.00, 1.00, 0.00, 0.00, '     \n تم حذف رصيد هذة الفاتورة \n تم حذف رصيد هذة الفاتورة \n تم حذف رصيد هذة الفاتورة \n تم حذف رصيد هذة الفاتورة', 1, '2016-10-19 23:32:51', '2016-10-22 16:23:16'),
(176, 176, 0, '2016-10-20', '', '', 0, 0.00, 0.00, 0.00, 0.00, 30.00, 0.00, 1.00, 0.00, 30.00, '', 4, '2016-10-20 17:39:43', '0000-00-00 00:00:00'),
(177, 0, 176, '2016-10-20', '', '00523', 5, 2.00, 15.00, 10.00, 30.00, 0.00, 0.00, 0.00, 0.00, 0.00, '', 4, '2016-10-20 17:39:43', '0000-00-00 00:00:00'),
(178, 178, 0, '2016-10-20', '', '', 0, 0.00, 0.00, 0.00, 0.00, 20.00, 0.00, 1.00, 0.00, 20.00, '', 4, '2016-10-20 20:17:05', '0000-00-00 00:00:00'),
(179, 0, 178, '2016-10-20', '', '00414', 4, 1.00, 20.00, 13.00, 20.00, 0.00, 0.00, 0.00, 0.00, 0.00, '', 4, '2016-10-20 20:17:05', '0000-00-00 00:00:00'),
(180, 180, 0, '2016-10-22', '', '', 0, 0.00, 0.00, 0.00, 0.00, 20.00, 10.00, 1.00, 0.00, 10.00, '', 1, '2016-10-22 22:27:22', '0000-00-00 00:00:00'),
(181, 0, 180, '2016-10-22', '', '00667', 6, 1.00, 10.00, 2.25, 10.00, 0.00, 0.00, 0.00, 0.00, 0.00, '', 1, '2016-10-22 22:27:23', '0000-00-00 00:00:00'),
(182, 0, 180, '2016-10-22', '', '00657', 6, 1.00, 10.00, 1.57, 10.00, 0.00, 0.00, 0.00, 0.00, 0.00, '', 1, '2016-10-22 22:27:23', '0000-00-00 00:00:00'),
(184, 183, 0, '2016-10-22', '', '', 0, 0.00, 0.00, 0.00, 0.00, 95.00, 0.00, 1.00, 5.00, 100.00, '', 1, '2016-10-22 22:50:35', '0000-00-00 00:00:00'),
(185, 0, 183, '2016-10-22', '', '00538', 5, 1.00, 60.00, 41.60, 60.00, 0.00, 0.00, 0.00, 0.00, 0.00, '', 1, '2016-10-22 22:50:35', '0000-00-00 00:00:00'),
(186, 0, 183, '2016-10-22', '', '00577', 5, 1.00, 25.00, 10.00, 25.00, 0.00, 0.00, 0.00, 0.00, 0.00, '', 1, '2016-10-22 22:50:35', '0000-00-00 00:00:00'),
(187, 0, 183, '2016-10-22', '', '00658', 6, 1.00, 10.00, 0.86, 10.00, 0.00, 0.00, 0.00, 0.00, 0.00, '', 1, '2016-10-22 22:50:35', '0000-00-00 00:00:00'),
(188, 188, 0, '2016-10-23', '', '', 0, 0.00, 0.00, 0.00, 0.00, 25.00, 0.00, 1.00, 0.00, 25.00, '', 4, '2016-10-23 18:41:24', '0000-00-00 00:00:00'),
(189, 0, 188, '2016-10-23', '', '00577', 5, 1.00, 25.00, 10.00, 25.00, 0.00, 0.00, 0.00, 0.00, 0.00, '', 4, '2016-10-23 18:41:24', '0000-00-00 00:00:00'),
(190, 190, 0, '2016-10-23', '', '', 0, 0.00, 0.00, 0.00, 0.00, 15.00, 0.00, 1.00, 0.00, 15.00, '', 4, '2016-10-23 18:41:44', '0000-00-00 00:00:00'),
(191, 0, 190, '2016-10-23', '', '00523', 5, 1.00, 15.00, 10.00, 15.00, 0.00, 0.00, 0.00, 0.00, 0.00, '', 4, '2016-10-23 18:41:44', '0000-00-00 00:00:00'),
(192, 192, 0, '2016-10-24', '', '', 0, 0.00, 0.00, 0.00, 0.00, 180.00, 0.00, 1.00, 0.00, 180.00, '', 1, '2016-10-24 13:53:25', '0000-00-00 00:00:00'),
(193, 0, 192, '2016-10-24', '', '0015', 1, 1.00, 180.00, 157.50, 180.00, 0.00, 0.00, 0.00, 0.00, 0.00, '', 1, '2016-10-24 13:53:25', '0000-00-00 00:00:00'),
(194, 194, 0, '2016-10-24', '', '', 0, 0.00, 0.00, 0.00, 0.00, 40.00, 0.00, 1.00, 0.00, 40.00, '', 1, '2016-10-24 14:14:12', '0000-00-00 00:00:00'),
(195, 0, 194, '2016-10-24', '', '00577', 5, 1.00, 40.00, 10.00, 40.00, 0.00, 0.00, 0.00, 0.00, 0.00, '', 1, '2016-10-24 14:14:12', '0000-00-00 00:00:00'),
(196, 196, 0, '2016-10-24', '', '', 0, 0.00, 0.00, 0.00, 0.00, 40.00, 0.00, 1.00, 0.00, 40.00, '', 1, '2016-10-24 18:34:59', '0000-00-00 00:00:00'),
(197, 0, 196, '2016-10-24', '', '00577', 5, 1.00, 40.00, 10.00, 40.00, 0.00, 0.00, 0.00, 0.00, 0.00, '', 1, '2016-10-24 18:34:59', '0000-00-00 00:00:00'),
(198, 198, 0, '2016-10-24', '', '', 0, 0.00, 0.00, 0.00, 0.00, 40.00, 0.00, 1.00, 0.00, 40.00, '', 1, '2016-10-24 19:07:40', '0000-00-00 00:00:00'),
(199, 0, 198, '2016-10-24', '', '00577', 5, 2.00, 20.00, 10.00, 40.00, 0.00, 0.00, 0.00, 0.00, 0.00, '', 1, '2016-10-24 19:07:40', '0000-00-00 00:00:00'),
(200, 200, 0, '2016-10-24', '', '', 0, 0.00, 0.00, 0.00, 0.00, 585.00, 0.00, 1.00, 0.00, 585.00, '', 1, '2016-10-24 19:08:46', '0000-00-00 00:00:00'),
(201, 0, 200, '2016-10-24', '', '0013', 1, 1.00, 150.00, 96.00, 150.00, 0.00, 0.00, 0.00, 0.00, 0.00, '', 1, '2016-10-24 19:08:46', '0000-00-00 00:00:00'),
(202, 0, 200, '2016-10-24', '', '0012', 1, 2.00, 150.00, 92.00, 300.00, 0.00, 0.00, 0.00, 0.00, 0.00, '', 1, '2016-10-24 19:08:46', '0000-00-00 00:00:00'),
(203, 0, 200, '2016-10-24', '', '0014', 1, 3.00, 45.00, 32.00, 135.00, 0.00, 0.00, 0.00, 0.00, 0.00, '', 1, '2016-10-24 19:08:46', '0000-00-00 00:00:00');

-- --------------------------------------------------------

--
-- Table structure for table `store_items`
--

CREATE TABLE `store_items` (
  `id` int(10) UNSIGNED NOT NULL,
  `invoice_number` varchar(255) COLLATE utf8_unicode_ci NOT NULL,
  `invoice_parent` varchar(255) COLLATE utf8_unicode_ci NOT NULL,
  `invoice_date` date NOT NULL,
  `provider_name` varchar(255) COLLATE utf8_unicode_ci NOT NULL DEFAULT '',
  `item_code` int(10) NOT NULL,
  `item_name` varchar(255) COLLATE utf8_unicode_ci NOT NULL,
  `item_type` int(11) NOT NULL,
  `item_quantity` float(8,2) NOT NULL,
  `item_price` float(8,2) NOT NULL,
  `item_total_price` float(8,2) NOT NULL,
  `items_total_price` float(8,2) NOT NULL,
  `items_discount` float(8,2) NOT NULL,
  `payment_method` int(1) NOT NULL,
  `addons` float(8,2) NOT NULL,
  `items_net_total` float(8,2) NOT NULL,
  `invoice_notice` text COLLATE utf8_unicode_ci NOT NULL,
  `started_quantity_flage` int(11) NOT NULL DEFAULT '0',
  `created_by` int(10) UNSIGNED NOT NULL,
  `created_at` timestamp NOT NULL DEFAULT '0000-00-00 00:00:00',
  `updated_at` timestamp NOT NULL DEFAULT '0000-00-00 00:00:00'
) ENGINE=InnoDB DEFAULT CHARSET=utf8 COLLATE=utf8_unicode_ci;

--
-- Dumping data for table `store_items`
--

INSERT INTO `store_items` (`id`, `invoice_number`, `invoice_parent`, `invoice_date`, `provider_name`, `item_code`, `item_name`, `item_type`, `item_quantity`, `item_price`, `item_total_price`, `items_total_price`, `items_discount`, `payment_method`, `addons`, `items_net_total`, `invoice_notice`, `started_quantity_flage`, `created_by`, `created_at`, `updated_at`) VALUES
(1, '1', '', '2016-10-06', 'رصيد أول المدة', 0, '', 0, 0.00, 0.00, 0.00, 768.00, 0.00, 0, 0.00, 768.00, '', 1, 1, '2016-10-06 21:36:04', '0000-00-00 00:00:00'),
(2, '', '1', '2016-10-06', '', 11, '0011', 1, 24.00, 32.00, 768.00, 0.00, 0.00, 0, 0.00, 0.00, 'رصيد أول المدة', 1, 1, '2016-10-06 21:36:04', '0000-00-00 00:00:00'),
(3, '3', '', '2016-10-06', 'رصيد أول المدة', 0, '', 0, 0.00, 0.00, 0.00, 552.00, 0.00, 0, 0.00, 552.00, '', 1, 1, '2016-10-06 21:39:08', '0000-00-00 00:00:00'),
(4, '', '3', '2016-10-06', '', 12, '0012', 1, 6.00, 92.00, 552.00, 0.00, 0.00, 0, 0.00, 0.00, 'رصيد أول المدة', 1, 1, '2016-10-06 21:39:08', '0000-00-00 00:00:00'),
(5, '5', '', '2016-10-06', 'رصيد أول المدة', 0, '', 0, 0.00, 0.00, 0.00, 576.00, 0.00, 0, 0.00, 576.00, '', 1, 1, '2016-10-06 21:43:13', '0000-00-00 00:00:00'),
(6, '', '5', '2016-10-06', '', 13, '0013', 1, 6.00, 96.00, 576.00, 0.00, 0.00, 0, 0.00, 0.00, 'رصيد أول المدة', 1, 1, '2016-10-06 21:43:13', '0000-00-00 00:00:00'),
(7, '7', '', '2016-10-06', 'رصيد أول المدة', 0, '', 0, 0.00, 0.00, 0.00, 224.00, 0.00, 0, 0.00, 224.00, '', 1, 1, '2016-10-06 21:44:28', '0000-00-00 00:00:00'),
(8, '', '7', '2016-10-06', '', 14, '0014', 1, 7.00, 32.00, 224.00, 0.00, 0.00, 0, 0.00, 0.00, 'رصيد أول المدة', 1, 1, '2016-10-06 21:44:28', '0000-00-00 00:00:00'),
(9, '9', '', '2016-10-07', 'رصيد أول المدة', 0, '', 0, 0.00, 0.00, 0.00, 315.00, 0.00, 0, 0.00, 315.00, '', 1, 1, '2016-10-06 22:01:25', '0000-00-00 00:00:00'),
(10, '', '9', '2016-10-07', '', 15, '0015', 1, 2.00, 157.50, 315.00, 0.00, 0.00, 0, 0.00, 0.00, 'رصيد أول المدة', 1, 1, '2016-10-06 22:01:25', '0000-00-00 00:00:00'),
(11, '11', '', '2016-10-07', 'رصيد أول المدة', 0, '', 0, 0.00, 0.00, 0.00, 99.00, 0.00, 0, 0.00, 99.00, '', 1, 1, '2016-10-06 22:02:18', '0000-00-00 00:00:00'),
(12, '', '11', '2016-10-07', '', 16, '0016', 1, 2.00, 49.50, 99.00, 0.00, 0.00, 0, 0.00, 0.00, 'رصيد أول المدة', 1, 1, '2016-10-06 22:02:18', '0000-00-00 00:00:00'),
(13, '13', '', '2016-10-07', 'رصيد أول المدة', 0, '', 0, 0.00, 0.00, 0.00, 99.00, 0.00, 0, 0.00, 99.00, '', 1, 1, '2016-10-06 22:04:29', '0000-00-00 00:00:00'),
(14, '', '13', '2016-10-07', '', 17, '0017', 1, 2.00, 49.50, 99.00, 0.00, 0.00, 0, 0.00, 0.00, 'رصيد أول المدة', 1, 1, '2016-10-06 22:04:29', '0000-00-00 00:00:00'),
(15, '15', '', '2016-10-07', 'رصيد أول المدة', 0, '', 0, 0.00, 0.00, 0.00, 234.00, 0.00, 0, 0.00, 234.00, '', 1, 1, '2016-10-06 22:14:11', '0000-00-00 00:00:00'),
(16, '', '15', '2016-10-07', '', 17, '0017', 1, 1.00, 234.00, 234.00, 0.00, 0.00, 0, 0.00, 0.00, 'رصيد أول المدة', 1, 1, '2016-10-06 22:14:11', '0000-00-00 00:00:00'),
(17, '17', '', '2016-10-07', 'رصيد أول المدة', 0, '', 0, 0.00, 0.00, 0.00, 189.00, 0.00, 0, 0.00, 189.00, '', 1, 1, '2016-10-06 22:18:02', '0000-00-00 00:00:00'),
(18, '', '17', '2016-10-07', '', 18, '0018', 1, 1.00, 189.00, 189.00, 0.00, 0.00, 0, 0.00, 0.00, 'رصيد أول المدة', 1, 1, '2016-10-06 22:18:02', '0000-00-00 00:00:00'),
(19, '19', '', '2016-10-07', 'رصيد أول المدة', 0, '', 0, 0.00, 0.00, 0.00, 220.00, 0.00, 0, 0.00, 220.00, '', 1, 1, '2016-10-07 12:43:30', '0000-00-00 00:00:00'),
(20, '', '19', '2016-10-07', '', 28, '0028', 2, 1.00, 220.00, 220.00, 0.00, 0.00, 0, 0.00, 0.00, 'رصيد أول المدة', 1, 1, '2016-10-07 12:43:30', '0000-00-00 00:00:00'),
(21, '21', '', '2016-10-07', 'رصيد أول المدة', 0, '', 0, 0.00, 0.00, 0.00, 235.00, 0.00, 0, 0.00, 235.00, '', 1, 1, '2016-10-07 12:44:50', '0000-00-00 00:00:00'),
(22, '', '21', '2016-10-07', '', 29, '0029', 2, 1.00, 235.00, 235.00, 0.00, 0.00, 0, 0.00, 0.00, 'رصيد أول المدة', 1, 1, '2016-10-07 12:44:50', '0000-00-00 00:00:00'),
(23, '23', '', '2016-10-07', 'رصيد أول المدة', 0, '', 0, 0.00, 0.00, 0.00, 472.50, 0.00, 0, 0.00, 472.50, '', 1, 1, '2016-10-07 12:48:54', '0000-00-00 00:00:00'),
(24, '', '23', '2016-10-07', '', 410, '00410', 4, 21.00, 22.50, 472.50, 0.00, 0.00, 0, 0.00, 0.00, 'رصيد أول المدة', 1, 1, '2016-10-07 12:48:54', '0000-00-00 00:00:00'),
(25, '25', '', '2016-10-07', 'رصيد أول المدة', 0, '', 0, 0.00, 0.00, 0.00, 472.50, 0.00, 0, 0.00, 472.50, '', 1, 1, '2016-10-07 12:53:36', '0000-00-00 00:00:00'),
(26, '', '25', '2016-10-07', '', 411, '00411', 4, 14.00, 33.75, 472.50, 0.00, 0.00, 0, 0.00, 0.00, 'رصيد أول المدة', 1, 1, '2016-10-07 12:53:37', '0000-00-00 00:00:00'),
(27, '27', '', '2016-10-07', 'رصيد أول المدة', 0, '', 0, 0.00, 0.00, 0.00, 300.00, 0.00, 0, 0.00, 300.00, '', 1, 1, '2016-10-07 12:57:08', '0000-00-00 00:00:00'),
(28, '', '27', '2016-10-07', '', 412, '00412', 4, 8.00, 37.50, 300.00, 0.00, 0.00, 0, 0.00, 0.00, 'رصيد أول المدة', 1, 1, '2016-10-07 12:57:09', '0000-00-00 00:00:00'),
(29, '29', '', '2016-10-07', 'رصيد أول المدة', 0, '', 0, 0.00, 0.00, 0.00, 202.50, 0.00, 0, 0.00, 202.50, '', 1, 1, '2016-10-07 12:58:01', '0000-00-00 00:00:00'),
(30, '', '29', '2016-10-07', '', 413, '00413', 4, 3.00, 67.50, 202.50, 0.00, 0.00, 0, 0.00, 0.00, 'رصيد أول المدة', 1, 1, '2016-10-07 12:58:01', '0000-00-00 00:00:00'),
(31, '31', '', '2016-10-07', 'رصيد أول المدة', 0, '', 0, 0.00, 0.00, 0.00, 130.00, 0.00, 0, 0.00, 130.00, '', 1, 1, '2016-10-07 13:03:56', '0000-00-00 00:00:00'),
(32, '', '31', '2016-10-07', '', 414, '00414', 4, 10.00, 13.00, 130.00, 0.00, 0.00, 0, 0.00, 0.00, 'رصيد أول المدة', 1, 1, '2016-10-07 13:03:57', '0000-00-00 00:00:00'),
(33, '33', '', '2016-10-07', 'رصيد أول المدة', 0, '', 0, 0.00, 0.00, 0.00, 100.00, 0.00, 0, 0.00, 100.00, '', 1, 1, '2016-10-07 13:10:57', '0000-00-00 00:00:00'),
(34, '', '33', '2016-10-07', '', 415, '00415', 4, 4.00, 25.00, 100.00, 0.00, 0.00, 0, 0.00, 0.00, 'رصيد أول المدة', 1, 1, '2016-10-07 13:10:58', '0000-00-00 00:00:00'),
(35, '35', '', '2016-10-07', 'رصيد أول المدة', 0, '', 0, 0.00, 0.00, 0.00, 175.00, 0.00, 0, 0.00, 175.00, '', 1, 1, '2016-10-07 13:11:15', '0000-00-00 00:00:00'),
(36, '', '35', '2016-10-07', '', 416, '00416', 4, 5.00, 35.00, 175.00, 0.00, 0.00, 0, 0.00, 0.00, 'رصيد أول المدة', 1, 1, '2016-10-07 13:11:15', '0000-00-00 00:00:00'),
(37, '37', '', '2016-10-07', 'رصيد أول المدة', 0, '', 0, 0.00, 0.00, 0.00, 60.00, 0.00, 0, 0.00, 60.00, '', 1, 1, '2016-10-07 13:14:59', '0000-00-00 00:00:00'),
(38, '', '37', '2016-10-07', '', 417, '00417', 4, 1.00, 60.00, 60.00, 0.00, 0.00, 0, 0.00, 0.00, 'رصيد أول المدة', 1, 1, '2016-10-07 13:14:59', '0000-00-00 00:00:00'),
(39, '39', '', '2016-10-07', 'رصيد أول المدة', 0, '', 0, 0.00, 0.00, 0.00, 60.00, 0.00, 0, 0.00, 60.00, '', 1, 1, '2016-10-07 13:16:00', '0000-00-00 00:00:00'),
(40, '', '39', '2016-10-07', '', 416, '00416', 4, 1.00, 60.00, 60.00, 0.00, 0.00, 0, 0.00, 0.00, 'رصيد أول المدة', 1, 1, '2016-10-07 13:16:00', '0000-00-00 00:00:00'),
(41, '41', '', '2016-10-07', 'رصيد أول المدة', 0, '', 0, 0.00, 0.00, 0.00, 350.00, 0.00, 0, 0.00, 350.00, '', 1, 1, '2016-10-07 13:20:20', '0000-00-00 00:00:00'),
(42, '', '41', '2016-10-07', '', 418, '00418', 6, 10.00, 35.00, 350.00, 0.00, 0.00, 0, 0.00, 0.00, 'رصيد أول المدة', 1, 1, '2016-10-07 13:20:20', '0000-00-00 00:00:00'),
(43, '43', '', '2016-10-07', 'رصيد أول المدة', 0, '', 0, 0.00, 0.00, 0.00, 350.00, 0.00, 0, 0.00, 350.00, '', 1, 1, '2016-10-07 18:45:49', '0000-00-00 00:00:00'),
(44, '', '43', '2016-10-07', '', 318, '00318', 3, 7.00, 50.00, 350.00, 0.00, 0.00, 0, 0.00, 0.00, 'رصيد أول المدة', 1, 1, '2016-10-07 18:45:50', '0000-00-00 00:00:00'),
(45, '45', '', '2016-10-07', 'رصيد أول المدة', 0, '', 0, 0.00, 0.00, 0.00, 504.00, 0.00, 0, 0.00, 504.00, '', 1, 1, '2016-10-07 18:46:26', '0000-00-00 00:00:00'),
(46, '', '45', '2016-10-07', '', 319, '00319', 3, 7.00, 72.00, 504.00, 0.00, 0.00, 0, 0.00, 0.00, 'رصيد أول المدة', 1, 1, '2016-10-07 18:46:26', '0000-00-00 00:00:00'),
(47, '47', '', '2016-10-07', 'رصيد أول المدة', 0, '', 0, 0.00, 0.00, 0.00, 150.00, 0.00, 0, 0.00, 150.00, '', 1, 1, '2016-10-07 18:47:57', '0000-00-00 00:00:00'),
(48, '', '47', '2016-10-07', '', 320, '00320', 3, 2.00, 75.00, 150.00, 0.00, 0.00, 0, 0.00, 0.00, 'رصيد أول المدة', 1, 1, '2016-10-07 18:47:57', '0000-00-00 00:00:00'),
(49, '49', '', '2016-10-07', 'رصيد أول المدة', 0, '', 0, 0.00, 0.00, 0.00, 70.00, 0.00, 0, 0.00, 70.00, '', 1, 1, '2016-10-07 18:49:58', '0000-00-00 00:00:00'),
(50, '', '49', '2016-10-07', '', 321, '00321', 3, 2.00, 35.00, 70.00, 0.00, 0.00, 0, 0.00, 0.00, 'رصيد أول المدة', 1, 1, '2016-10-07 18:49:58', '0000-00-00 00:00:00'),
(51, '51', '', '2016-10-07', 'رصيد أول المدة', 0, '', 0, 0.00, 0.00, 0.00, 175.00, 0.00, 0, 0.00, 175.00, '', 1, 1, '2016-10-07 18:54:19', '0000-00-00 00:00:00'),
(52, '', '51', '2016-10-07', '', 321, '00321', 5, 5.00, 35.00, 175.00, 0.00, 0.00, 0, 0.00, 0.00, 'رصيد أول المدة', 1, 1, '2016-10-07 18:54:19', '0000-00-00 00:00:00'),
(53, '53', '', '2016-10-07', 'رصيد أول المدة', 0, '', 0, 0.00, 0.00, 0.00, 65.00, 0.00, 0, 0.00, 65.00, '', 1, 1, '2016-10-07 18:57:04', '0000-00-00 00:00:00'),
(54, '', '53', '2016-10-07', '', 522, '00522', 5, 1.00, 65.00, 65.00, 0.00, 0.00, 0, 0.00, 0.00, 'رصيد أول المدة', 1, 1, '2016-10-07 18:57:04', '0000-00-00 00:00:00'),
(55, '55', '', '2016-10-07', 'رصيد أول المدة', 0, '', 0, 0.00, 0.00, 0.00, 175.00, 0.00, 0, 0.00, 175.00, '', 1, 1, '2016-10-07 19:09:03', '0000-00-00 00:00:00'),
(56, '', '55', '2016-10-07', '', 522, '00522', 5, 5.00, 35.00, 175.00, 0.00, 0.00, 0, 0.00, 0.00, 'رصيد أول المدة', 1, 1, '2016-10-07 19:09:03', '0000-00-00 00:00:00'),
(57, '57', '', '2016-10-07', 'رصيد أول المدة', 0, '', 0, 0.00, 0.00, 0.00, 580.00, 0.00, 0, 0.00, 580.00, '', 1, 1, '2016-10-07 19:09:29', '0000-00-00 00:00:00'),
(58, '', '57', '2016-10-07', '', 522, '00522', 5, 58.00, 10.00, 580.00, 0.00, 0.00, 0, 0.00, 0.00, 'رصيد أول المدة', 1, 1, '2016-10-07 19:09:29', '0000-00-00 00:00:00'),
(59, '59', '', '2016-10-07', 'رصيد أول المدة', 0, '', 0, 0.00, 0.00, 0.00, 285.00, 0.00, 0, 0.00, 285.00, '', 1, 1, '2016-10-07 19:09:48', '0000-00-00 00:00:00'),
(60, '', '59', '2016-10-07', '', 522, '00522', 5, 38.00, 7.50, 285.00, 0.00, 0.00, 0, 0.00, 0.00, 'رصيد أول المدة', 1, 1, '2016-10-07 19:09:48', '0000-00-00 00:00:00'),
(61, '61', '', '2016-10-07', 'رصيد أول المدة', 0, '', 0, 0.00, 0.00, 0.00, 225.00, 0.00, 0, 0.00, 225.00, '', 1, 1, '2016-10-07 19:16:14', '0000-00-00 00:00:00'),
(62, '', '61', '2016-10-07', '', 521, '00521', 5, 2.00, 112.50, 225.00, 0.00, 0.00, 0, 0.00, 0.00, 'رصيد أول المدة', 1, 1, '2016-10-07 19:16:14', '0000-00-00 00:00:00'),
(63, '63', '', '2016-10-07', 'رصيد أول المدة', 0, '', 0, 0.00, 0.00, 0.00, 580.00, 0.00, 0, 0.00, 580.00, '', 1, 1, '2016-10-07 19:17:33', '0000-00-00 00:00:00'),
(64, '', '63', '2016-10-07', '', 523, '00523', 5, 58.00, 10.00, 580.00, 0.00, 0.00, 0, 0.00, 0.00, 'رصيد أول المدة', 1, 1, '2016-10-07 19:17:33', '0000-00-00 00:00:00'),
(65, '65', '', '2016-10-07', 'رصيد أول المدة', 0, '', 0, 0.00, 0.00, 0.00, 175.00, 0.00, 0, 0.00, 175.00, '', 1, 1, '2016-10-07 19:18:48', '0000-00-00 00:00:00'),
(66, '', '65', '2016-10-07', '', 524, '00524', 5, 5.00, 35.00, 175.00, 0.00, 0.00, 0, 0.00, 0.00, 'رصيد أول المدة', 1, 1, '2016-10-07 19:18:48', '0000-00-00 00:00:00'),
(67, '67', '', '2016-10-07', 'رصيد أول المدة', 0, '', 0, 0.00, 0.00, 0.00, 65.00, 0.00, 0, 0.00, 65.00, '', 1, 1, '2016-10-07 19:20:20', '0000-00-00 00:00:00'),
(68, '', '67', '2016-10-07', '', 525, '00525', 5, 1.00, 65.00, 65.00, 0.00, 0.00, 0, 0.00, 0.00, 'رصيد أول المدة', 1, 1, '2016-10-07 19:20:20', '0000-00-00 00:00:00'),
(69, '69', '', '2016-10-07', 'رصيد أول المدة', 0, '', 0, 0.00, 0.00, 0.00, 315.00, 0.00, 0, 0.00, 315.00, '', 1, 1, '2016-10-07 19:33:19', '0000-00-00 00:00:00'),
(70, '', '69', '2016-10-07', '', 526, '00526', 5, 21.00, 15.00, 315.00, 0.00, 0.00, 0, 0.00, 0.00, 'رصيد أول المدة', 1, 1, '2016-10-07 19:33:19', '0000-00-00 00:00:00'),
(71, '71', '', '2016-10-07', 'رصيد أول المدة', 0, '', 0, 0.00, 0.00, 0.00, 500.00, 0.00, 0, 0.00, 500.00, '', 1, 1, '2016-10-07 19:33:47', '0000-00-00 00:00:00'),
(72, '', '71', '2016-10-07', '', 527, '00527', 5, 50.00, 10.00, 500.00, 0.00, 0.00, 0, 0.00, 0.00, 'رصيد أول المدة', 1, 1, '2016-10-07 19:33:47', '0000-00-00 00:00:00'),
(73, '73', '', '2016-10-07', 'رصيد أول المدة', 0, '', 0, 0.00, 0.00, 0.00, 175.00, 0.00, 0, 0.00, 175.00, '', 1, 1, '2016-10-07 19:42:05', '0000-00-00 00:00:00'),
(74, '', '73', '2016-10-07', '', 61, '0061', 6, 5.00, 35.00, 175.00, 0.00, 0.00, 0, 0.00, 0.00, 'رصيد أول المدة', 1, 1, '2016-10-07 19:42:05', '0000-00-00 00:00:00'),
(75, '75', '', '2016-10-07', 'رصيد أول المدة', 0, '', 0, 0.00, 0.00, 0.00, 105.00, 0.00, 0, 0.00, 105.00, '', 1, 1, '2016-10-07 19:42:59', '0000-00-00 00:00:00'),
(76, '', '75', '2016-10-07', '', 62, '0062', 6, 3.00, 35.00, 105.00, 0.00, 0.00, 0, 0.00, 0.00, 'رصيد أول المدة', 1, 1, '2016-10-07 19:42:59', '0000-00-00 00:00:00'),
(77, '77', '', '2016-10-07', 'رصيد أول المدة', 0, '', 0, 0.00, 0.00, 0.00, 115.00, 0.00, 0, 0.00, 115.00, '', 1, 1, '2016-10-07 19:43:43', '0000-00-00 00:00:00'),
(78, '', '77', '2016-10-07', '', 63, '0063', 6, 5.00, 23.00, 115.00, 0.00, 0.00, 0, 0.00, 0.00, 'رصيد أول المدة', 1, 1, '2016-10-07 19:43:43', '0000-00-00 00:00:00'),
(79, '79', '', '2016-10-07', 'رصيد أول المدة', 0, '', 0, 0.00, 0.00, 0.00, 225.00, 0.00, 0, 0.00, 225.00, '', 1, 1, '2016-10-07 19:44:48', '0000-00-00 00:00:00'),
(80, '', '79', '2016-10-07', '', 64, '0064', 6, 3.00, 75.00, 225.00, 0.00, 0.00, 0, 0.00, 0.00, 'رصيد أول المدة', 1, 1, '2016-10-07 19:44:48', '0000-00-00 00:00:00'),
(81, '81', '', '2016-10-07', 'رصيد أول المدة', 0, '', 0, 0.00, 0.00, 0.00, 90.00, 0.00, 0, 0.00, 90.00, '', 1, 1, '2016-10-07 19:50:56', '0000-00-00 00:00:00'),
(82, '', '81', '2016-10-07', '', 64, '0064', 7, 5.00, 18.00, 90.00, 0.00, 0.00, 0, 0.00, 0.00, 'رصيد أول المدة', 1, 1, '2016-10-07 19:50:56', '0000-00-00 00:00:00'),
(83, '83', '', '2016-10-07', 'رصيد أول المدة', 0, '', 0, 0.00, 0.00, 0.00, 220.00, 0.00, 0, 0.00, 220.00, '', 1, 1, '2016-10-07 19:51:41', '0000-00-00 00:00:00'),
(84, '', '83', '2016-10-07', '', 732, '00732', 7, 4.00, 55.00, 220.00, 0.00, 0.00, 0, 0.00, 0.00, 'رصيد أول المدة', 1, 1, '2016-10-07 19:51:41', '0000-00-00 00:00:00'),
(85, '85', '', '2016-10-07', 'رصيد أول المدة', 0, '', 0, 0.00, 0.00, 0.00, 108.00, 0.00, 0, 0.00, 108.00, '', 1, 1, '2016-10-07 19:52:37', '0000-00-00 00:00:00'),
(86, '', '85', '2016-10-07', '', 733, '00733', 7, 9.00, 12.00, 108.00, 0.00, 0.00, 0, 0.00, 0.00, 'رصيد أول المدة', 1, 1, '2016-10-07 19:52:37', '0000-00-00 00:00:00'),
(87, '87', '', '2016-10-07', 'رصيد أول المدة', 0, '', 0, 0.00, 0.00, 0.00, 180.00, 0.00, 0, 0.00, 180.00, '', 1, 1, '2016-10-07 19:55:43', '0000-00-00 00:00:00'),
(88, '', '87', '2016-10-07', '', 534, '00534', 5, 10.00, 18.00, 180.00, 0.00, 0.00, 0, 0.00, 0.00, 'رصيد أول المدة', 1, 1, '2016-10-07 19:55:43', '0000-00-00 00:00:00'),
(89, '89', '', '2016-10-08', 'رصيد أول المدة', 0, '', 0, 0.00, 0.00, 0.00, 560.00, 0.00, 0, 0.00, 560.00, '', 1, 1, '2016-10-08 21:22:14', '0000-00-00 00:00:00'),
(90, '', '89', '2016-10-08', '', 535, '00535', 5, 7.00, 80.00, 560.00, 0.00, 0.00, 0, 0.00, 0.00, 'رصيد أول المدة', 1, 1, '2016-10-08 21:22:15', '0000-00-00 00:00:00'),
(91, '91', '', '2016-10-08', 'رصيد أول المدة', 0, '', 0, 0.00, 0.00, 0.00, 560.00, 0.00, 0, 0.00, 560.00, '', 1, 1, '2016-10-08 21:23:26', '0000-00-00 00:00:00'),
(92, '', '91', '2016-10-08', '', 535, '00535', 5, 7.00, 80.00, 560.00, 0.00, 0.00, 0, 0.00, 0.00, 'رصيد أول المدة', 1, 1, '2016-10-08 21:23:26', '0000-00-00 00:00:00'),
(93, '93', '', '2016-10-08', 'رصيد أول المدة', 0, '', 0, 0.00, 0.00, 0.00, 2160.00, 0.00, 0, 0.00, 2160.00, '', 1, 1, '2016-10-08 21:27:42', '0000-00-00 00:00:00'),
(94, '', '93', '2016-10-08', '', 136, '00136', 1, 20.00, 108.00, 2160.00, 0.00, 0.00, 0, 0.00, 0.00, 'رصيد أول المدة', 1, 1, '2016-10-08 21:27:42', '0000-00-00 00:00:00'),
(95, '95', '', '2016-10-08', 'رصيد أول المدة', 0, '', 0, 0.00, 0.00, 0.00, 150.00, 0.00, 0, 0.00, 150.00, '', 1, 1, '2016-10-08 21:35:48', '0000-00-00 00:00:00'),
(96, '', '95', '2016-10-08', '', 537, '00537', 5, 3.00, 50.00, 150.00, 0.00, 0.00, 0, 0.00, 0.00, 'رصيد أول المدة', 1, 1, '2016-10-08 21:35:48', '0000-00-00 00:00:00'),
(97, '97', '', '2016-10-08', 'رصيد أول المدة', 0, '', 0, 0.00, 0.00, 0.00, 707.20, 0.00, 0, 0.00, 707.20, '', 1, 1, '2016-10-08 21:47:28', '0000-00-00 00:00:00'),
(98, '', '97', '2016-10-08', '', 538, '00538', 5, 17.00, 41.60, 707.20, 0.00, 0.00, 0, 0.00, 0.00, 'رصيد أول المدة', 1, 1, '2016-10-08 21:47:28', '0000-00-00 00:00:00'),
(99, '99', '', '2016-10-08', 'رصيد أول المدة', 0, '', 0, 0.00, 0.00, 0.00, 928.80, 0.00, 0, 0.00, 928.80, '', 1, 1, '2016-10-08 21:48:33', '0000-00-00 00:00:00'),
(100, '', '99', '2016-10-08', '', 139, '00139', 1, 18.00, 51.60, 928.80, 0.00, 0.00, 0, 0.00, 0.00, 'رصيد أول المدة', 1, 1, '2016-10-08 21:48:33', '0000-00-00 00:00:00'),
(101, '101', '', '2016-10-08', 'رصيد أول المدة', 0, '', 0, 0.00, 0.00, 0.00, 800.80, 0.00, 0, 0.00, 800.80, '', 1, 1, '2016-10-08 21:49:47', '0000-00-00 00:00:00'),
(102, '', '101', '2016-10-08', '', 140, '00140', 1, 13.00, 61.60, 800.80, 0.00, 0.00, 0, 0.00, 0.00, 'رصيد أول المدة', 1, 1, '2016-10-08 21:49:47', '0000-00-00 00:00:00'),
(103, '103', '', '2016-10-08', 'رصيد أول المدة', 0, '', 0, 0.00, 0.00, 0.00, 489.60, 0.00, 0, 0.00, 489.60, '', 1, 1, '2016-10-08 21:50:31', '0000-00-00 00:00:00'),
(104, '', '103', '2016-10-08', '', 141, '00141', 1, 6.00, 81.60, 489.60, 0.00, 0.00, 0, 0.00, 0.00, 'رصيد أول المدة', 1, 1, '2016-10-08 21:50:31', '0000-00-00 00:00:00'),
(105, '105', '', '2016-10-08', 'رصيد أول المدة', 0, '', 0, 0.00, 0.00, 0.00, 699.60, 0.00, 0, 0.00, 699.60, '', 1, 1, '2016-10-08 21:55:18', '0000-00-00 00:00:00'),
(106, '', '105', '2016-10-08', '', 542, '00542', 5, 6.00, 116.60, 699.60, 0.00, 0.00, 0, 0.00, 0.00, 'رصيد أول المدة', 1, 1, '2016-10-08 21:55:18', '0000-00-00 00:00:00'),
(107, '107', '', '2016-10-09', 'رصيد أول المدة', 0, '', 0, 0.00, 0.00, 0.00, 120.00, 0.00, 0, 0.00, 120.00, '', 1, 1, '2016-10-08 22:03:53', '0000-00-00 00:00:00'),
(108, '', '107', '2016-10-09', '', 543, '00543', 5, 3.00, 40.00, 120.00, 0.00, 0.00, 0, 0.00, 0.00, 'رصيد أول المدة', 1, 1, '2016-10-08 22:03:53', '0000-00-00 00:00:00'),
(109, '109', '', '2016-10-09', 'رصيد أول المدة', 0, '', 0, 0.00, 0.00, 0.00, 100.00, 0.00, 0, 0.00, 100.00, '', 1, 1, '2016-10-08 22:05:11', '0000-00-00 00:00:00'),
(110, '', '109', '2016-10-09', '', 544, '00544', 5, 2.00, 50.00, 100.00, 0.00, 0.00, 0, 0.00, 0.00, 'رصيد أول المدة', 1, 1, '2016-10-08 22:05:11', '0000-00-00 00:00:00'),
(111, '111', '', '2016-10-09', 'رصيد أول المدة', 0, '', 0, 0.00, 0.00, 0.00, 270.00, 0.00, 0, 0.00, 270.00, '', 1, 1, '2016-10-08 22:06:44', '0000-00-00 00:00:00'),
(112, '', '111', '2016-10-09', '', 545, '00545', 5, 3.00, 90.00, 270.00, 0.00, 0.00, 0, 0.00, 0.00, 'رصيد أول المدة', 1, 1, '2016-10-08 22:06:44', '0000-00-00 00:00:00'),
(113, '113', '', '2016-10-09', 'رصيد أول المدة', 0, '', 0, 0.00, 0.00, 0.00, 48.00, 0.00, 0, 0.00, 48.00, '', 1, 1, '2016-10-09 13:30:30', '0000-00-00 00:00:00'),
(114, '', '113', '2016-10-09', '', 646, '00646', 6, 8.00, 6.00, 48.00, 0.00, 0.00, 0, 0.00, 0.00, 'رصيد أول المدة', 1, 1, '2016-10-09 13:30:30', '0000-00-00 00:00:00'),
(115, '115', '', '2016-10-09', 'رصيد أول المدة', 0, '', 0, 0.00, 0.00, 0.00, 79.50, 0.00, 0, 0.00, 79.50, '', 1, 1, '2016-10-09 13:37:43', '0000-00-00 00:00:00'),
(116, '', '115', '2016-10-09', '', 147, '00147', 1, 3.00, 26.50, 79.50, 0.00, 0.00, 0, 0.00, 0.00, 'رصيد أول المدة', 1, 1, '2016-10-09 13:37:43', '0000-00-00 00:00:00'),
(117, '117', '', '2016-10-09', 'رصيد أول المدة', 0, '', 0, 0.00, 0.00, 0.00, 15.00, 0.00, 0, 0.00, 15.00, '', 1, 1, '2016-10-09 13:40:50', '0000-00-00 00:00:00'),
(118, '', '117', '2016-10-09', '', 148, '00148', 1, 6.00, 2.50, 15.00, 0.00, 0.00, 0, 0.00, 0.00, 'رصيد أول المدة', 1, 1, '2016-10-09 13:40:50', '0000-00-00 00:00:00'),
(119, '119', '', '2016-10-09', 'رصيد أول المدة', 0, '', 0, 0.00, 0.00, 0.00, 10.00, 0.00, 0, 0.00, 10.00, '', 1, 1, '2016-10-09 13:43:21', '0000-00-00 00:00:00'),
(120, '', '119', '2016-10-09', '', 749, '00749', 7, 1.00, 10.00, 10.00, 0.00, 0.00, 0, 0.00, 0.00, 'رصيد أول المدة', 1, 1, '2016-10-09 13:43:21', '0000-00-00 00:00:00'),
(121, '121', '', '2016-10-09', 'رصيد أول المدة', 0, '', 0, 0.00, 0.00, 0.00, 20.00, 0.00, 0, 0.00, 20.00, '', 1, 1, '2016-10-09 13:43:48', '0000-00-00 00:00:00'),
(122, '', '121', '2016-10-09', '', 150, '00150', 1, 1.00, 20.00, 20.00, 0.00, 0.00, 0, 0.00, 0.00, 'رصيد أول المدة', 1, 1, '2016-10-09 13:43:48', '0000-00-00 00:00:00'),
(123, '123', '', '2016-10-09', 'رصيد أول المدة', 0, '', 0, 0.00, 0.00, 0.00, 30.00, 0.00, 0, 0.00, 30.00, '', 1, 1, '2016-10-09 13:44:23', '0000-00-00 00:00:00'),
(124, '', '123', '2016-10-09', '', 151, '00151', 1, 1.00, 30.00, 30.00, 0.00, 0.00, 0, 0.00, 0.00, 'رصيد أول المدة', 1, 1, '2016-10-09 13:44:23', '0000-00-00 00:00:00'),
(125, '125', '', '2016-10-09', 'رصيد أول المدة', 0, '', 0, 0.00, 0.00, 0.00, 30.00, 0.00, 0, 0.00, 30.00, '', 1, 1, '2016-10-09 13:44:48', '0000-00-00 00:00:00'),
(126, '', '125', '2016-10-09', '', 152, '00152', 1, 1.00, 30.00, 30.00, 0.00, 0.00, 0, 0.00, 0.00, 'رصيد أول المدة', 1, 1, '2016-10-09 13:44:48', '0000-00-00 00:00:00'),
(127, '127', '', '2016-10-09', 'رصيد أول المدة', 0, '', 0, 0.00, 0.00, 0.00, 89.50, 0.00, 0, 0.00, 89.50, '', 1, 1, '2016-10-09 13:59:44', '0000-00-00 00:00:00'),
(128, '', '127', '2016-10-09', '', 453, '00453', 4, 179.00, 0.50, 89.50, 0.00, 0.00, 0, 0.00, 0.00, 'رصيد أول المدة', 1, 1, '2016-10-09 13:59:44', '0000-00-00 00:00:00'),
(129, '129', '', '2016-10-09', 'رصيد أول المدة', 0, '', 0, 0.00, 0.00, 0.00, 81.00, 0.00, 0, 0.00, 81.00, '', 1, 1, '2016-10-09 14:00:30', '0000-00-00 00:00:00'),
(130, '', '129', '2016-10-09', '', 154, '00154', 1, 162.00, 0.50, 81.00, 0.00, 0.00, 0, 0.00, 0.00, 'رصيد أول المدة', 1, 1, '2016-10-09 14:00:30', '0000-00-00 00:00:00'),
(131, '131', '', '2016-10-09', 'رصيد أول المدة', 0, '', 0, 0.00, 0.00, 0.00, 72.50, 0.00, 0, 0.00, 72.50, '', 1, 1, '2016-10-09 14:03:13', '0000-00-00 00:00:00'),
(132, '', '131', '2016-10-09', '', 155, '00155', 1, 145.00, 0.50, 72.50, 0.00, 0.00, 0, 0.00, 0.00, 'رصيد أول المدة', 1, 1, '2016-10-09 14:03:13', '0000-00-00 00:00:00'),
(133, '133', '', '2016-10-09', 'رصيد أول المدة', 0, '', 0, 0.00, 0.00, 0.00, 472.50, 0.00, 0, 0.00, 472.50, '', 1, 1, '2016-10-09 21:26:42', '0000-00-00 00:00:00'),
(134, '', '133', '2016-10-09', '', 410, '00410', 4, 21.00, 22.50, 472.50, 0.00, 0.00, 0, 0.00, 0.00, 'رصيد أول المدة', 1, 1, '2016-10-09 21:26:42', '0000-00-00 00:00:00'),
(135, '135', '', '2016-10-09', 'رصيد أول المدة', 0, '', 0, 0.00, 0.00, 0.00, 15.00, 0.00, 0, 0.00, 15.00, '', 1, 1, '2016-10-09 21:26:52', '0000-00-00 00:00:00'),
(136, '', '135', '2016-10-09', '', 148, '00148', 1, 6.00, 2.50, 15.00, 0.00, 0.00, 0, 0.00, 0.00, 'رصيد أول المدة', 1, 1, '2016-10-09 21:26:52', '0000-00-00 00:00:00'),
(137, '137', '', '2016-10-10', 'رصيد أول المدة', 0, '', 0, 0.00, 0.00, 0.00, 75.00, 0.00, 0, 0.00, 75.00, '', 1, 1, '2016-10-10 13:38:15', '0000-00-00 00:00:00'),
(138, '', '137', '2016-10-10', '', 556, '00556', 5, 1.00, 75.00, 75.00, 0.00, 0.00, 0, 0.00, 0.00, 'رصيد أول المدة', 1, 1, '2016-10-10 13:38:15', '0000-00-00 00:00:00'),
(139, '139', '', '2016-10-10', 'رصيد أول المدة', 0, '', 0, 0.00, 0.00, 0.00, 31.40, 0.00, 0, 0.00, 31.40, '', 1, 1, '2016-10-10 13:51:38', '0000-00-00 00:00:00'),
(140, '', '139', '2016-10-10', '', 657, '00657', 6, 20.00, 1.57, 31.40, 0.00, 0.00, 0, 0.00, 0.00, 'رصيد أول المدة', 1, 1, '2016-10-10 13:51:39', '0000-00-00 00:00:00'),
(141, '141', '', '2016-10-10', 'رصيد أول المدة', 0, '', 0, 0.00, 0.00, 0.00, 86.00, 0.00, 0, 0.00, 86.00, '', 1, 1, '2016-10-10 14:01:42', '0000-00-00 00:00:00'),
(142, '', '141', '2016-10-10', '', 658, '00658', 6, 100.00, 0.86, 86.00, 0.00, 0.00, 0, 0.00, 0.00, 'رصيد أول المدة', 1, 1, '2016-10-10 14:01:42', '0000-00-00 00:00:00'),
(143, '143', '', '2016-10-10', 'رصيد أول المدة', 0, '', 0, 0.00, 0.00, 0.00, 140.00, 0.00, 0, 0.00, 140.00, '', 1, 1, '2016-10-10 14:10:50', '0000-00-00 00:00:00'),
(144, '', '143', '2016-10-10', '', 659, '00659', 6, 40.00, 3.50, 140.00, 0.00, 0.00, 0, 0.00, 0.00, 'رصيد أول المدة', 1, 1, '2016-10-10 14:10:50', '0000-00-00 00:00:00'),
(145, '145', '', '2016-10-10', 'رصيد أول المدة', 0, '', 0, 0.00, 0.00, 0.00, 12.80, 0.00, 0, 0.00, 12.80, '', 1, 1, '2016-10-10 14:13:48', '0000-00-00 00:00:00'),
(146, '', '145', '2016-10-10', '', 660, '00660', 6, 80.00, 0.16, 12.80, 0.00, 0.00, 0, 0.00, 0.00, 'رصيد أول المدة', 1, 1, '2016-10-10 14:13:48', '0000-00-00 00:00:00'),
(147, '147', '', '2016-10-10', 'رصيد أول المدة', 0, '', 0, 0.00, 0.00, 0.00, 13.50, 0.00, 0, 0.00, 13.50, '', 1, 1, '2016-10-10 14:17:32', '0000-00-00 00:00:00'),
(148, '', '147', '2016-10-10', '', 661, '00661', 6, 90.00, 0.15, 13.50, 0.00, 0.00, 0, 0.00, 0.00, 'رصيد أول المدة', 1, 1, '2016-10-10 14:17:32', '0000-00-00 00:00:00'),
(149, '149', '', '2016-10-10', 'رصيد أول المدة', 0, '', 0, 0.00, 0.00, 0.00, 42.75, 0.00, 0, 0.00, 42.75, '', 1, 1, '2016-10-10 14:19:52', '0000-00-00 00:00:00'),
(150, '', '149', '2016-10-10', '', 662, '00662', 6, 95.00, 0.45, 42.75, 0.00, 0.00, 0, 0.00, 0.00, 'رصيد أول المدة', 1, 1, '2016-10-10 14:19:52', '0000-00-00 00:00:00'),
(151, '151', '', '2016-10-10', 'رصيد أول المدة', 0, '', 0, 0.00, 0.00, 0.00, 59.00, 0.00, 0, 0.00, 59.00, '', 1, 1, '2016-10-10 14:24:17', '0000-00-00 00:00:00'),
(152, '', '151', '2016-10-10', '', 663, '00663', 6, 50.00, 1.18, 59.00, 0.00, 0.00, 0, 0.00, 0.00, 'رصيد أول المدة', 1, 1, '2016-10-10 14:24:17', '0000-00-00 00:00:00'),
(153, '153', '', '2016-10-10', 'رصيد أول المدة', 0, '', 0, 0.00, 0.00, 0.00, 9.00, 0.00, 0, 0.00, 9.00, '', 1, 1, '2016-10-10 14:28:25', '0000-00-00 00:00:00'),
(154, '', '153', '2016-10-10', '', 664, '00664', 6, 15.00, 0.60, 9.00, 0.00, 0.00, 0, 0.00, 0.00, 'رصيد أول المدة', 1, 1, '2016-10-10 14:28:25', '0000-00-00 00:00:00'),
(155, '155', '', '2016-10-10', 'رصيد أول المدة', 0, '', 0, 0.00, 0.00, 0.00, 30.00, 0.00, 0, 0.00, 30.00, '', 1, 1, '2016-10-10 14:31:28', '0000-00-00 00:00:00'),
(156, '', '155', '2016-10-10', '', 665, '00665', 6, 1000.00, 0.03, 30.00, 0.00, 0.00, 0, 0.00, 0.00, 'رصيد أول المدة', 1, 1, '2016-10-10 14:31:28', '0000-00-00 00:00:00'),
(157, '157', '', '2016-10-10', 'رصيد أول المدة', 0, '', 0, 0.00, 0.00, 0.00, 88.00, 0.00, 0, 0.00, 88.00, '', 1, 1, '2016-10-10 14:35:51', '0000-00-00 00:00:00'),
(158, '', '157', '2016-10-10', '', 666, '00666', 6, 550.00, 0.16, 88.00, 0.00, 0.00, 0, 0.00, 0.00, 'رصيد أول المدة', 1, 1, '2016-10-10 14:35:51', '0000-00-00 00:00:00'),
(159, '159', '', '2016-10-10', 'رصيد أول المدة', 0, '', 0, 0.00, 0.00, 0.00, 18.00, 0.00, 0, 0.00, 18.00, '', 1, 1, '2016-10-10 14:37:50', '0000-00-00 00:00:00'),
(160, '', '159', '2016-10-10', '', 667, '00667', 6, 8.00, 2.25, 18.00, 0.00, 0.00, 0, 0.00, 0.00, 'رصيد أول المدة', 1, 1, '2016-10-10 14:37:50', '0000-00-00 00:00:00'),
(161, '161', '', '2016-10-10', 'رصيد أول المدة', 0, '', 0, 0.00, 0.00, 0.00, 54.00, 0.00, 0, 0.00, 54.00, '', 1, 1, '2016-10-10 21:42:26', '0000-00-00 00:00:00'),
(162, '', '161', '2016-10-10', '', 668, '00668', 6, 45.00, 1.20, 54.00, 0.00, 0.00, 0, 0.00, 0.00, 'رصيد أول المدة', 1, 1, '2016-10-10 21:42:26', '0000-00-00 00:00:00'),
(163, '163', '', '2016-10-14', 'رصيد أول المدة', 0, '', 0, 0.00, 0.00, 0.00, 225.00, 0.00, 0, 0.00, 225.00, '', 1, 1, '2016-10-14 14:19:31', '0000-00-00 00:00:00'),
(164, '', '163', '2016-10-14', '', 469, '00469', 4, 5.00, 45.00, 225.00, 0.00, 0.00, 0, 0.00, 0.00, 'رصيد أول المدة', 1, 1, '2016-10-14 14:19:31', '0000-00-00 00:00:00'),
(165, '165', '', '2016-10-14', 'رصيد أول المدة', 0, '', 0, 0.00, 0.00, 0.00, 60.00, 0.00, 0, 0.00, 60.00, '', 1, 1, '2016-10-14 14:20:01', '0000-00-00 00:00:00'),
(166, '', '165', '2016-10-14', '', 470, '00470', 4, 1.00, 60.00, 60.00, 0.00, 0.00, 0, 0.00, 0.00, 'رصيد أول المدة', 1, 1, '2016-10-14 14:20:01', '0000-00-00 00:00:00'),
(167, '167', '', '2016-10-14', 'رصيد أول المدة', 0, '', 0, 0.00, 0.00, 0.00, 175.00, 0.00, 0, 0.00, 175.00, '', 1, 1, '2016-10-14 14:33:15', '0000-00-00 00:00:00'),
(168, '', '167', '2016-10-14', '', 469, '00469', 4, 5.00, 35.00, 175.00, 0.00, 0.00, 0, 0.00, 0.00, 'رصيد أول المدة', 1, 1, '2016-10-14 14:33:15', '0000-00-00 00:00:00'),
(169, '169', '', '2016-10-14', 'رصيد أول المدة', 0, '', 0, 0.00, 0.00, 0.00, -175.00, 0.00, 0, 0.00, -175.00, '', 1, 1, '2016-10-14 14:38:08', '0000-00-00 00:00:00'),
(170, '', '169', '2016-10-14', '', 469, '00469', 4, -5.00, 35.00, -175.00, 0.00, 0.00, 0, 0.00, 0.00, 'رصيد أول المدة', 1, 1, '2016-10-14 14:38:08', '0000-00-00 00:00:00'),
(171, '171', '', '2016-10-14', 'رصيد أول المدة', 0, '', 0, 0.00, 0.00, 0.00, 234.00, 0.00, 0, 0.00, 234.00, '', 1, 1, '2016-10-14 21:52:46', '0000-00-00 00:00:00'),
(172, '', '171', '2016-10-14', '', 171, '00171', 1, 1.00, 234.00, 234.00, 0.00, 0.00, 0, 0.00, 0.00, 'رصيد أول المدة', 1, 1, '2016-10-14 21:52:46', '0000-00-00 00:00:00'),
(173, '173', '', '2016-10-14', 'رصيد أول المدة', 0, '', 0, 0.00, 0.00, 0.00, 99.00, 0.00, 0, 0.00, 99.00, '', 1, 1, '2016-10-14 21:54:14', '0000-00-00 00:00:00'),
(174, '', '173', '2016-10-14', '', 172, '00172', 1, 2.00, 49.50, 99.00, 0.00, 0.00, 0, 0.00, 0.00, 'رصيد أول المدة', 1, 1, '2016-10-14 21:54:14', '0000-00-00 00:00:00'),
(175, '175', '', '2016-10-15', 'رصيد أول المدة', 0, '', 0, 0.00, 0.00, 0.00, 225.00, 0.00, 0, 0.00, 225.00, '', 1, 1, '2016-10-14 22:03:58', '0000-00-00 00:00:00'),
(176, '', '175', '2016-10-15', '', 673, '00673', 6, 3.00, 75.00, 225.00, 0.00, 0.00, 0, 0.00, 0.00, 'رصيد أول المدة', 1, 1, '2016-10-14 22:03:58', '0000-00-00 00:00:00'),
(177, '177', '', '2016-10-15', 'رصيد أول المدة', 0, '', 0, 0.00, 0.00, 0.00, 70.00, 0.00, 0, 0.00, 70.00, '', 1, 1, '2016-10-14 22:08:35', '0000-00-00 00:00:00'),
(178, '', '177', '2016-10-15', '', 374, '00374', 3, 2.00, 35.00, 70.00, 0.00, 0.00, 0, 0.00, 0.00, 'رصيد أول المدة', 1, 1, '2016-10-14 22:08:35', '0000-00-00 00:00:00'),
(179, '179', '', '2016-10-15', '', 0, '', 0, 0.00, 0.00, 0.00, 0.00, 0.00, 1, 0.00, 0.00, 'بعد الجرد ', 0, 1, '2016-10-15 14:52:35', '0000-00-00 00:00:00'),
(180, '', '179', '2016-10-15', '', 526, '00526', 5, 3.00, 15.00, 45.00, 0.00, 0.00, 0, 0.00, 0.00, '', 0, 1, '2016-10-15 14:52:35', '0000-00-00 00:00:00'),
(181, '', '179', '2016-10-15', '', 155, '00155', 1, 9.00, 0.50, 4.50, 0.00, 0.00, 0, 0.00, 0.00, '', 0, 1, '2016-10-15 14:52:35', '0000-00-00 00:00:00'),
(182, '', '179', '2016-10-15', '', 139, '00139', 1, 1.00, 51.60, 51.60, 0.00, 0.00, 0, 0.00, 0.00, '', 0, 1, '2016-10-15 14:52:35', '0000-00-00 00:00:00'),
(183, '', '179', '2016-10-15', '', 147, '00147', 1, 6.00, 26.50, 159.00, 0.00, 0.00, 0, 0.00, 0.00, '', 0, 1, '2016-10-15 14:52:35', '0000-00-00 00:00:00'),
(184, '', '179', '2016-10-15', '', 11, '0011', 1, 1.00, 32.00, 32.00, 0.00, 0.00, 0, 0.00, 0.00, '', 0, 1, '2016-10-15 14:52:35', '0000-00-00 00:00:00'),
(185, '', '179', '2016-10-15', '', 414, '00414', 4, 1.00, 13.00, 13.00, 0.00, 0.00, 0, 0.00, 0.00, '', 0, 1, '2016-10-15 14:52:35', '0000-00-00 00:00:00'),
(186, '', '179', '2016-10-15', '', 411, '00411', 4, 1.00, 33.75, 33.75, 0.00, 0.00, 0, 0.00, 0.00, '', 0, 1, '2016-10-15 14:52:35', '0000-00-00 00:00:00'),
(187, '', '179', '2016-10-15', '', 412, '00412', 4, 1.00, 37.50, 37.50, 0.00, 0.00, 0, 0.00, 0.00, '', 0, 1, '2016-10-15 14:52:35', '0000-00-00 00:00:00'),
(188, '188', '', '2016-10-15', 'رصيد أول المدة', 0, '', 0, 0.00, 0.00, 0.00, -10.00, 0.00, 0, 0.00, -10.00, '', 1, 1, '2016-10-15 14:54:17', '0000-00-00 00:00:00'),
(189, '', '188', '2016-10-15', '', 527, '00527', 5, -1.00, 10.00, -10.00, 0.00, 0.00, 0, 0.00, 0.00, 'رصيد أول المدة', 1, 1, '2016-10-15 14:54:17', '0000-00-00 00:00:00'),
(190, '190', '', '2016-10-15', 'رصيد أول المدة', 0, '', 0, 0.00, 0.00, 0.00, -12.00, 0.00, 0, 0.00, -12.00, '', 1, 1, '2016-10-15 14:55:25', '0000-00-00 00:00:00'),
(191, '', '190', '2016-10-15', '', 733, '00733', 7, -1.00, 12.00, -12.00, 0.00, 0.00, 0, 0.00, 0.00, 'رصيد أول المدة', 1, 1, '2016-10-15 14:55:25', '0000-00-00 00:00:00'),
(192, '192', '', '2016-10-15', 'رصيد أول المدة', 0, '', 0, 0.00, 0.00, 0.00, -54.00, 0.00, 0, 0.00, -54.00, '', 1, 1, '2016-10-15 14:55:39', '0000-00-00 00:00:00'),
(193, '', '192', '2016-10-15', '', 64, '0064', 7, -3.00, 18.00, -54.00, 0.00, 0.00, 0, 0.00, 0.00, 'رصيد أول المدة', 1, 1, '2016-10-15 14:55:39', '0000-00-00 00:00:00'),
(194, '194', '', '2016-10-15', 'رصيد أول المدة', 0, '', 0, 0.00, 0.00, 0.00, -15.00, 0.00, 0, 0.00, -15.00, '', 1, 1, '2016-10-15 14:57:09', '0000-00-00 00:00:00'),
(195, '', '194', '2016-10-15', '', 148, '00148', 1, -6.00, 2.50, -15.00, 0.00, 0.00, 0, 0.00, 0.00, 'رصيد أول المدة', 1, 1, '2016-10-15 14:57:09', '0000-00-00 00:00:00'),
(196, '196', '', '2016-10-15', 'رصيد أول المدة', 0, '', 0, 0.00, 0.00, 0.00, -472.50, 0.00, 0, 0.00, -472.50, '', 1, 1, '2016-10-15 14:58:05', '0000-00-00 00:00:00'),
(197, '', '196', '2016-10-15', '', 410, '00410', 4, -21.00, 22.50, -472.50, 0.00, 0.00, 0, 0.00, 0.00, 'رصيد أول المدة', 1, 1, '2016-10-15 14:58:05', '0000-00-00 00:00:00'),
(198, '198', '', '2016-10-15', 'رصيد أول المدة', 0, '', 0, 0.00, 0.00, 0.00, -10.00, 0.00, 0, 0.00, -10.00, '', 1, 1, '2016-10-15 15:00:04', '0000-00-00 00:00:00'),
(199, '', '198', '2016-10-15', '', 523, '00523', 5, -1.00, 10.00, -10.00, 0.00, 0.00, 0, 0.00, 0.00, 'رصيد أول المدة', 1, 1, '2016-10-15 15:00:04', '0000-00-00 00:00:00'),
(200, '200', '', '2016-10-15', 'رصيد أول المدة', 0, '', 0, 0.00, 0.00, 0.00, -472.50, 0.00, 0, 0.00, -472.50, '', 1, 1, '2016-10-15 15:00:18', '0000-00-00 00:00:00'),
(201, '', '200', '2016-10-15', '', 522, '00522', 5, -63.00, 7.50, -472.50, 0.00, 0.00, 0, 0.00, 0.00, 'رصيد أول المدة', 1, 1, '2016-10-15 15:00:18', '0000-00-00 00:00:00'),
(202, '202', '', '2016-10-15', 'رصيد أول المدة', 0, '', 0, 0.00, 0.00, 0.00, 162.00, 0.00, 0, 0.00, 162.00, '', 1, 1, '2016-10-15 21:37:24', '0000-00-00 00:00:00'),
(203, '', '202', '2016-10-15', '', 775, '00775', 7, 6.00, 27.00, 162.00, 0.00, 0.00, 0, 0.00, 0.00, 'رصيد أول المدة', 1, 1, '2016-10-15 21:37:24', '0000-00-00 00:00:00'),
(204, '204', '', '2016-10-15', 'رصيد أول المدة', 0, '', 0, 0.00, 0.00, 0.00, 15.00, 0.00, 0, 0.00, 15.00, '', 1, 1, '2016-10-15 21:38:32', '0000-00-00 00:00:00'),
(205, '', '204', '2016-10-15', '', 576, '00576', 5, 1.00, 15.00, 15.00, 0.00, 0.00, 0, 0.00, 0.00, 'رصيد أول المدة', 1, 1, '2016-10-15 21:38:32', '0000-00-00 00:00:00'),
(206, '206', '', '2016-10-16', 'رصيد أول المدة', 0, '', 0, 0.00, 0.00, 0.00, -32.00, 0.00, 0, 0.00, -32.00, '', 1, 1, '2016-10-16 21:09:29', '0000-00-00 00:00:00'),
(207, '', '206', '2016-10-16', '', 11, '0011', 1, 0.00, 32.00, -32.00, 0.00, 0.00, 0, 0.00, 0.00, 'رصيد أول المدة', 1, 1, '2016-10-16 21:09:29', '0000-00-00 00:00:00'),
(208, '208', '', '2016-10-20', 'رصيد أول المدة', 0, '', 0, 0.00, 0.00, 0.00, 408.00, 0.00, 0, 0.00, 408.00, '', 1, 1, '2016-10-20 14:40:28', '0000-00-00 00:00:00'),
(209, '', '208', '2016-10-20', '', 577, '00577', 5, 24.00, 17.00, 408.00, 0.00, 0.00, 0, 0.00, 0.00, 'رصيد أول المدة', 1, 1, '2016-10-20 14:40:28', '0000-00-00 00:00:00'),
(210, '210', '', '2016-10-21', 'رصيد أول المدة', 0, '', 0, 0.00, 0.00, 0.00, 768.00, 0.00, 0, 0.00, 768.00, '', 1, 1, '2016-10-21 21:22:44', '0000-00-00 00:00:00'),
(211, '', '210', '2016-10-21', '', 11, '0011', 1, 0.00, 32.00, 768.00, 0.00, 0.00, 0, 0.00, 0.00, 'رصيد أول المدة', 1, 1, '2016-10-21 21:22:44', '0000-00-00 00:00:00'),
(212, '212', '', '2016-10-21', 'رصيد أول المدة', 0, '', 0, 0.00, 0.00, 0.00, 552.00, 0.00, 0, 0.00, 552.00, '', 1, 1, '2016-10-21 21:22:58', '0000-00-00 00:00:00'),
(213, '', '212', '2016-10-21', '', 12, '0012', 1, 0.00, 92.00, 552.00, 0.00, 0.00, 0, 0.00, 0.00, 'رصيد أول المدة', 1, 1, '2016-10-21 21:22:58', '0000-00-00 00:00:00'),
(214, '214', '', '2016-10-21', 'رصيد أول المدة', 0, '', 0, 0.00, 0.00, 0.00, 576.00, 0.00, 0, 0.00, 576.00, '', 1, 1, '2016-10-21 21:23:09', '0000-00-00 00:00:00'),
(215, '', '214', '2016-10-21', '', 13, '0013', 1, 0.00, 96.00, 576.00, 0.00, 0.00, 0, 0.00, 0.00, 'رصيد أول المدة', 1, 1, '2016-10-21 21:23:09', '0000-00-00 00:00:00'),
(216, '216', '', '2016-10-21', 'رصيد أول المدة', 0, '', 0, 0.00, 0.00, 0.00, 224.00, 0.00, 0, 0.00, 224.00, '', 1, 1, '2016-10-21 21:23:23', '0000-00-00 00:00:00'),
(217, '', '216', '2016-10-21', '', 14, '0014', 1, 0.00, 32.00, 224.00, 0.00, 0.00, 0, 0.00, 0.00, 'رصيد أول المدة', 1, 1, '2016-10-21 21:23:24', '0000-00-00 00:00:00'),
(218, '218', '', '2016-10-22', '', 0, '', 0, 0.00, 0.00, 0.00, 180.00, 0.00, 1, 0.00, 180.00, '', 0, 1, '2016-10-24 00:11:27', '0000-00-00 00:00:00'),
(219, '', '218', '2016-10-22', '', 534, '00534', 5, 10.00, 18.00, 180.00, 0.00, 0.00, 0, 0.00, 0.00, '', 0, 1, '2016-10-24 00:11:27', '0000-00-00 00:00:00'),
(220, '220', '', '2016-10-24', 'رصيد أول المدة', 0, '', 0, 0.00, 0.00, 0.00, 6000.00, 0.00, 0, 0.00, 6000.00, 'رصيد أول المدة', 1, 1, '2016-10-24 13:40:12', '0000-00-00 00:00:00'),
(221, '', '220', '2016-10-24', '', 378, '00378', 3, 30.00, 200.00, 6000.00, 0.00, 0.00, 0, 0.00, 0.00, '', 0, 1, '2016-10-24 13:40:12', '0000-00-00 00:00:00'),
(222, '222', '', '2016-10-24', '', 0, '', 0, 0.00, 0.00, 0.00, 30.00, 0.00, 1, 0.00, 30.00, '', 0, 1, '2016-10-24 14:17:01', '0000-00-00 00:00:00'),
(223, '', '222', '2016-10-24', '', 577, '00577', 5, 1.00, 30.00, 30.00, 0.00, 0.00, 0, 0.00, 0.00, '', 0, 1, '2016-10-24 14:17:01', '0000-00-00 00:00:00'),
(224, '224', '', '2016-10-24', '', 0, '', 0, 0.00, 0.00, 0.00, 10.00, 0.00, 1, 0.00, 10.00, '', 0, 1, '2016-10-24 18:36:38', '0000-00-00 00:00:00'),
(225, '', '224', '2016-10-24', '', 577, '00577', 5, 1.00, 10.00, 10.00, 0.00, 0.00, 0, 0.00, 0.00, '', 0, 1, '2016-10-24 18:36:38', '0000-00-00 00:00:00');

-- --------------------------------------------------------

--
-- Table structure for table `usable`
--

CREATE TABLE `usable` (
  `id` int(10) NOT NULL,
  `date` date NOT NULL,
  `expenses_name` varchar(255) NOT NULL,
  `expenses_value` decimal(8,2) NOT NULL,
  `notice` text NOT NULL,
  `created_by` int(10) UNSIGNED NOT NULL,
  `created_at` timestamp NOT NULL DEFAULT CURRENT_TIMESTAMP ON UPDATE CURRENT_TIMESTAMP,
  `updated_at` timestamp NOT NULL DEFAULT '0000-00-00 00:00:00'
) ENGINE=InnoDB DEFAULT CHARSET=utf8;

-- --------------------------------------------------------

--
-- Table structure for table `users`
--

CREATE TABLE `users` (
  `id` int(10) UNSIGNED NOT NULL,
  `username` varchar(255) COLLATE utf8_unicode_ci NOT NULL,
  `password` varchar(255) COLLATE utf8_unicode_ci NOT NULL,
  `users_apps` longtext COLLATE utf8_unicode_ci NOT NULL,
  `users_rights` int(11) NOT NULL,
  `users_status` int(11) NOT NULL,
  `created_at` timestamp NOT NULL DEFAULT '0000-00-00 00:00:00',
  `updated_at` timestamp NOT NULL DEFAULT '0000-00-00 00:00:00',
  `remember_token` varchar(255) COLLATE utf8_unicode_ci NOT NULL
) ENGINE=InnoDB DEFAULT CHARSET=utf8 COLLATE=utf8_unicode_ci;

--
-- Dumping data for table `users`
--

INSERT INTO `users` (`id`, `username`, `password`, `users_apps`, `users_rights`, `users_status`, `created_at`, `updated_at`, `remember_token`) VALUES
(1, 'manager', '$2y$10$ObhQFsSE1P50QlyN3RlKP.HzYUdextzwYvL/IBtOpWn7YJOw4yhuO', 'a:1:{i:0;s:1:"4";}', 4, 0, '2016-09-18 21:06:42', '2016-10-23 14:42:48', '53BsBiq6ZNjBkRn9FD3mJhwk13ovnYuvmtxBMx0GZxCvD1urRtFE1gx8024Z'),
(2, 'admins', '$2y$10$vK6fTTEHaXxq08Z2ylWCte/41Ii0Wvo93xboix8aOFSFXIBThN8ga', '', 4, 2, '0000-00-00 00:00:00', '2016-10-01 13:21:14', ''),
(3, 'محمد', '$2y$10$Xa3k4hvB7dOg73HabnINA.WSRy9pmPGtGQtlKXQ13VPEKusbn46K2', 'a:4:{i:0;s:2:"17";i:1;s:2:"18";i:2;s:2:"19";i:3;s:2:"20";}', 4, 0, '2016-10-01 13:24:30', '2016-10-01 13:24:58', '4NqxgGnmfaKdpBlbamhWnGAVxqD9ZwW3TejvWai3FiAdRfxIeaZ9tEiEI4vJ'),
(4, 'mario', '$2y$10$H/Jpz7ZPBbAVFZIVtouO/uYttM6mDNn.eU.HIuOtQvUKAIKHUnC2C', 'a:7:{i:0;s:2:"10";i:1;s:2:"11";i:2;s:2:"17";i:3;s:2:"18";i:4;s:2:"19";i:5;s:2:"20";i:6;s:2:"22";}', 2, 0, '2016-10-16 21:12:41', '2016-10-23 20:09:41', '66Ev0ImEhluorxXIE3VYszpfDecFDczQzRjdx9oH4Txr81YguwmNCjDb1xAo'),
(5, 'mahmoud', '$2y$10$jKqmSdJWJboZjBWKD.H8oeagcmoVfb42N556QGxV4ABUKCOgWUNdi', 'a:15:{i:0;s:1:"3";i:1;s:1:"4";i:2;s:1:"6";i:3;s:1:"7";i:4;s:1:"8";i:5;s:2:"10";i:6;s:2:"11";i:7;s:2:"12";i:8;s:2:"14";i:9;s:2:"17";i:10;s:2:"18";i:11;s:2:"19";i:12;s:2:"20";i:13;s:2:"21";i:14;s:2:"22";}', 4, 0, '2016-10-16 21:22:10', '0000-00-00 00:00:00', '');

--
-- Indexes for dumped tables
--

--
-- Indexes for table `animal_type_for_services`
--
ALTER TABLE `animal_type_for_services`
  ADD PRIMARY KEY (`id`),
  ADD KEY `animal_type_for_services_created_by_foreign` (`created_by`);

--
-- Indexes for table `applications`
--
ALTER TABLE `applications`
  ADD PRIMARY KEY (`id`),
  ADD KEY `applications_created_by_foreign` (`created_by`);

--
-- Indexes for table `cash_types_definer`
--
ALTER TABLE `cash_types_definer`
  ADD PRIMARY KEY (`id`),
  ADD KEY `cash_types_definer_created_by_foreign` (`created_by`);

--
-- Indexes for table `check`
--
ALTER TABLE `check`
  ADD PRIMARY KEY (`id`),
  ADD KEY `created_by_foreign_check` (`created_by`);

--
-- Indexes for table `delete_items_from_store`
--
ALTER TABLE `delete_items_from_store`
  ADD PRIMARY KEY (`id`),
  ADD KEY `delete_items_from_store_created_by_foreign` (`created_by`);

--
-- Indexes for table `expenses`
--
ALTER TABLE `expenses`
  ADD PRIMARY KEY (`id`),
  ADD KEY `created_by_expenses` (`created_by`);

--
-- Indexes for table `export`
--
ALTER TABLE `export`
  ADD PRIMARY KEY (`id`),
  ADD KEY `created_by_expenses` (`created_by`);

--
-- Indexes for table `hosting`
--
ALTER TABLE `hosting`
  ADD PRIMARY KEY (`id`),
  ADD KEY `created_by_foreign` (`created_by`);

--
-- Indexes for table `items_type_definer`
--
ALTER TABLE `items_type_definer`
  ADD PRIMARY KEY (`id`),
  ADD KEY `items_type_definer_created_by_foreign` (`created_by`);

--
-- Indexes for table `item_definer`
--
ALTER TABLE `item_definer`
  ADD PRIMARY KEY (`id`),
  ADD KEY `item_definer_item_type_id_foreign` (`item_type_id`),
  ADD KEY `item_definer_created_by_foreign` (`created_by`);

--
-- Indexes for table `monthlycosts`
--
ALTER TABLE `monthlycosts`
  ADD PRIMARY KEY (`id`),
  ADD KEY `created_by_expenses` (`created_by`);

--
-- Indexes for table `other_services`
--
ALTER TABLE `other_services`
  ADD PRIMARY KEY (`id`),
  ADD KEY `created_by_foreign_check` (`created_by`);

--
-- Indexes for table `print_barcode`
--
ALTER TABLE `print_barcode`
  ADD PRIMARY KEY (`id`);

--
-- Indexes for table `record_cash`
--
ALTER TABLE `record_cash`
  ADD PRIMARY KEY (`id`),
  ADD KEY `record_cash_cash_transactions_foreign` (`cash_transactions`),
  ADD KEY `record_cash_created_by_foreign` (`created_by`);

--
-- Indexes for table `revenu`
--
ALTER TABLE `revenu`
  ADD PRIMARY KEY (`id`),
  ADD KEY `created_by_expenses` (`created_by`);

--
-- Indexes for table `reversing_invoice`
--
ALTER TABLE `reversing_invoice`
  ADD PRIMARY KEY (`id`),
  ADD KEY `created_by` (`created_by`);

--
-- Indexes for table `sell_invoice_with_service`
--
ALTER TABLE `sell_invoice_with_service`
  ADD PRIMARY KEY (`id`),
  ADD KEY `created_by_serv_for` (`created_by`);

--
-- Indexes for table `services_definer`
--
ALTER TABLE `services_definer`
  ADD PRIMARY KEY (`id`),
  ADD KEY `services_definer_created_by_foreign` (`created_by`);

--
-- Indexes for table `shaving`
--
ALTER TABLE `shaving`
  ADD PRIMARY KEY (`id`),
  ADD KEY `created_by_foreign_shower` (`created_by`),
  ADD KEY `animal_type_foreign_shower` (`animal_type`);

--
-- Indexes for table `shower`
--
ALTER TABLE `shower`
  ADD PRIMARY KEY (`id`),
  ADD KEY `created_by_foreign_shower` (`created_by`),
  ADD KEY `animal_type_foreign_shower` (`animal_type`);

--
-- Indexes for table `solditems`
--
ALTER TABLE `solditems`
  ADD PRIMARY KEY (`id`),
  ADD KEY `solditems_created_by_foreign` (`created_by`);

--
-- Indexes for table `store_items`
--
ALTER TABLE `store_items`
  ADD PRIMARY KEY (`id`),
  ADD KEY `created_by` (`created_by`);

--
-- Indexes for table `usable`
--
ALTER TABLE `usable`
  ADD PRIMARY KEY (`id`),
  ADD KEY `created_by_expenses` (`created_by`);

--
-- Indexes for table `users`
--
ALTER TABLE `users`
  ADD PRIMARY KEY (`id`);

--
-- AUTO_INCREMENT for dumped tables
--

--
-- AUTO_INCREMENT for table `animal_type_for_services`
--
ALTER TABLE `animal_type_for_services`
  MODIFY `id` int(10) UNSIGNED NOT NULL AUTO_INCREMENT;
--
-- AUTO_INCREMENT for table `applications`
--
ALTER TABLE `applications`
  MODIFY `id` int(10) UNSIGNED NOT NULL AUTO_INCREMENT, AUTO_INCREMENT=28;
--
-- AUTO_INCREMENT for table `cash_types_definer`
--
ALTER TABLE `cash_types_definer`
  MODIFY `id` int(10) UNSIGNED NOT NULL AUTO_INCREMENT;
--
-- AUTO_INCREMENT for table `check`
--
ALTER TABLE `check`
  MODIFY `id` int(10) NOT NULL AUTO_INCREMENT, AUTO_INCREMENT=41;
--
-- AUTO_INCREMENT for table `delete_items_from_store`
--
ALTER TABLE `delete_items_from_store`
  MODIFY `id` int(10) UNSIGNED NOT NULL AUTO_INCREMENT;
--
-- AUTO_INCREMENT for table `expenses`
--
ALTER TABLE `expenses`
  MODIFY `id` int(10) NOT NULL AUTO_INCREMENT, AUTO_INCREMENT=16;
--
-- AUTO_INCREMENT for table `export`
--
ALTER TABLE `export`
  MODIFY `id` int(10) NOT NULL AUTO_INCREMENT, AUTO_INCREMENT=2;
--
-- AUTO_INCREMENT for table `hosting`
--
ALTER TABLE `hosting`
  MODIFY `id` int(10) NOT NULL AUTO_INCREMENT, AUTO_INCREMENT=20;
--
-- AUTO_INCREMENT for table `items_type_definer`
--
ALTER TABLE `items_type_definer`
  MODIFY `id` int(10) UNSIGNED NOT NULL AUTO_INCREMENT, AUTO_INCREMENT=8;
--
-- AUTO_INCREMENT for table `item_definer`
--
ALTER TABLE `item_definer`
  MODIFY `id` int(10) UNSIGNED NOT NULL AUTO_INCREMENT, AUTO_INCREMENT=79;
--
-- AUTO_INCREMENT for table `monthlycosts`
--
ALTER TABLE `monthlycosts`
  MODIFY `id` int(10) NOT NULL AUTO_INCREMENT;
--
-- AUTO_INCREMENT for table `other_services`
--
ALTER TABLE `other_services`
  MODIFY `id` int(10) NOT NULL AUTO_INCREMENT, AUTO_INCREMENT=34;
--
-- AUTO_INCREMENT for table `print_barcode`
--
ALTER TABLE `print_barcode`
  MODIFY `id` int(10) NOT NULL AUTO_INCREMENT, AUTO_INCREMENT=2;
--
-- AUTO_INCREMENT for table `record_cash`
--
ALTER TABLE `record_cash`
  MODIFY `id` int(10) UNSIGNED NOT NULL AUTO_INCREMENT;
--
-- AUTO_INCREMENT for table `revenu`
--
ALTER TABLE `revenu`
  MODIFY `id` int(10) NOT NULL AUTO_INCREMENT, AUTO_INCREMENT=5;
--
-- AUTO_INCREMENT for table `reversing_invoice`
--
ALTER TABLE `reversing_invoice`
  MODIFY `id` int(10) UNSIGNED NOT NULL AUTO_INCREMENT;
--
-- AUTO_INCREMENT for table `sell_invoice_with_service`
--
ALTER TABLE `sell_invoice_with_service`
  MODIFY `id` int(10) UNSIGNED NOT NULL AUTO_INCREMENT, AUTO_INCREMENT=6;
--
-- AUTO_INCREMENT for table `services_definer`
--
ALTER TABLE `services_definer`
  MODIFY `id` int(10) UNSIGNED NOT NULL AUTO_INCREMENT, AUTO_INCREMENT=27;
--
-- AUTO_INCREMENT for table `shaving`
--
ALTER TABLE `shaving`
  MODIFY `id` int(10) NOT NULL AUTO_INCREMENT, AUTO_INCREMENT=23;
--
-- AUTO_INCREMENT for table `shower`
--
ALTER TABLE `shower`
  MODIFY `id` int(10) NOT NULL AUTO_INCREMENT, AUTO_INCREMENT=21;
--
-- AUTO_INCREMENT for table `solditems`
--
ALTER TABLE `solditems`
  MODIFY `id` int(10) UNSIGNED NOT NULL AUTO_INCREMENT, AUTO_INCREMENT=204;
--
-- AUTO_INCREMENT for table `store_items`
--
ALTER TABLE `store_items`
  MODIFY `id` int(10) UNSIGNED NOT NULL AUTO_INCREMENT, AUTO_INCREMENT=226;
--
-- AUTO_INCREMENT for table `usable`
--
ALTER TABLE `usable`
  MODIFY `id` int(10) NOT NULL AUTO_INCREMENT;
--
-- AUTO_INCREMENT for table `users`
--
ALTER TABLE `users`
  MODIFY `id` int(10) UNSIGNED NOT NULL AUTO_INCREMENT, AUTO_INCREMENT=6;
--
-- Constraints for dumped tables
--

--
-- Constraints for table `animal_type_for_services`
--
ALTER TABLE `animal_type_for_services`
  ADD CONSTRAINT `animal_type_for_services_created_by_foreign` FOREIGN KEY (`created_by`) REFERENCES `users` (`id`) ON DELETE CASCADE ON UPDATE CASCADE;

--
-- Constraints for table `applications`
--
ALTER TABLE `applications`
  ADD CONSTRAINT `applications_created_by_foreign` FOREIGN KEY (`created_by`) REFERENCES `users` (`id`) ON DELETE CASCADE ON UPDATE CASCADE;

--
-- Constraints for table `cash_types_definer`
--
ALTER TABLE `cash_types_definer`
  ADD CONSTRAINT `cash_types_definer_created_by_foreign` FOREIGN KEY (`created_by`) REFERENCES `users` (`id`) ON DELETE CASCADE ON UPDATE CASCADE;

--
-- Constraints for table `check`
--
ALTER TABLE `check`
  ADD CONSTRAINT `created_by_foreign_check` FOREIGN KEY (`created_by`) REFERENCES `users` (`id`) ON DELETE CASCADE ON UPDATE CASCADE;

--
-- Constraints for table `delete_items_from_store`
--
ALTER TABLE `delete_items_from_store`
  ADD CONSTRAINT `delete_items_from_store_created_by_foreign` FOREIGN KEY (`created_by`) REFERENCES `users` (`id`) ON DELETE CASCADE ON UPDATE CASCADE;

--
-- Constraints for table `expenses`
--
ALTER TABLE `expenses`
  ADD CONSTRAINT `created_by_expenses_foriegn` FOREIGN KEY (`created_by`) REFERENCES `users` (`id`) ON DELETE CASCADE ON UPDATE CASCADE;

--
-- Constraints for table `hosting`
--
ALTER TABLE `hosting`
  ADD CONSTRAINT `created_by_foreign` FOREIGN KEY (`created_by`) REFERENCES `users` (`id`) ON DELETE CASCADE ON UPDATE CASCADE;

--
-- Constraints for table `items_type_definer`
--
ALTER TABLE `items_type_definer`
  ADD CONSTRAINT `items_type_definer_created_by_foreign` FOREIGN KEY (`created_by`) REFERENCES `users` (`id`) ON DELETE CASCADE ON UPDATE CASCADE;

--
-- Constraints for table `item_definer`
--
ALTER TABLE `item_definer`
  ADD CONSTRAINT `item_definer_created_by_foreign` FOREIGN KEY (`created_by`) REFERENCES `users` (`id`) ON DELETE CASCADE ON UPDATE CASCADE,
  ADD CONSTRAINT `item_definer_item_type_id_foreign` FOREIGN KEY (`item_type_id`) REFERENCES `items_type_definer` (`id`) ON DELETE CASCADE ON UPDATE CASCADE;

--
-- Constraints for table `record_cash`
--
ALTER TABLE `record_cash`
  ADD CONSTRAINT `record_cash_cash_transactions_foreign` FOREIGN KEY (`cash_transactions`) REFERENCES `cash_types_definer` (`id`) ON DELETE CASCADE ON UPDATE CASCADE,
  ADD CONSTRAINT `record_cash_created_by_foreign` FOREIGN KEY (`created_by`) REFERENCES `users` (`id`) ON DELETE CASCADE ON UPDATE CASCADE;

--
-- Constraints for table `sell_invoice_with_service`
--
ALTER TABLE `sell_invoice_with_service`
  ADD CONSTRAINT `created_by_service_foriegn` FOREIGN KEY (`created_by`) REFERENCES `users` (`id`);

--
-- Constraints for table `services_definer`
--
ALTER TABLE `services_definer`
  ADD CONSTRAINT `services_definer_created_by_foreign` FOREIGN KEY (`created_by`) REFERENCES `users` (`id`) ON DELETE CASCADE ON UPDATE CASCADE;

--
-- Constraints for table `shaving`
--
ALTER TABLE `shaving`
  ADD CONSTRAINT `shaving_ibfk_1` FOREIGN KEY (`animal_type`) REFERENCES `services_definer` (`id`) ON DELETE CASCADE ON UPDATE CASCADE,
  ADD CONSTRAINT `shaving_ibfk_2` FOREIGN KEY (`created_by`) REFERENCES `users` (`id`) ON DELETE CASCADE ON UPDATE CASCADE;

--
-- Constraints for table `shower`
--
ALTER TABLE `shower`
  ADD CONSTRAINT `animal_type_foreign_shower` FOREIGN KEY (`animal_type`) REFERENCES `services_definer` (`id`) ON DELETE CASCADE ON UPDATE CASCADE,
  ADD CONSTRAINT `created_by_foreign_shower` FOREIGN KEY (`created_by`) REFERENCES `users` (`id`) ON DELETE CASCADE ON UPDATE CASCADE;

--
-- Constraints for table `solditems`
--
ALTER TABLE `solditems`
  ADD CONSTRAINT `solditems_created_by_foreign` FOREIGN KEY (`created_by`) REFERENCES `users` (`id`) ON DELETE CASCADE ON UPDATE CASCADE;

--
-- Constraints for table `store_items`
--
ALTER TABLE `store_items`
  ADD CONSTRAINT `created_by` FOREIGN KEY (`created_by`) REFERENCES `users` (`id`) ON DELETE CASCADE ON UPDATE CASCADE;

/*!40101 SET CHARACTER_SET_CLIENT=@OLD_CHARACTER_SET_CLIENT */;
/*!40101 SET CHARACTER_SET_RESULTS=@OLD_CHARACTER_SET_RESULTS */;
/*!40101 SET COLLATION_CONNECTION=@OLD_COLLATION_CONNECTION */;
